Unnamed: 0,identity/LineItemId,bill/InvoiceId,bill/BillingEntity,bill/BillType,bill/PayerAccountId,bill/BillingPeriodStartDate,lineItem/UsageAccountId,lineItem/LineItemType,lineItem/UsageStartDate,lineItem/UsageEndDate,lineItem/UsageType,lineItem/Operation,lineItem/AvailabilityZone,lineItem/ResourceId,lineItem/UsageAmount,lineItem/NormalizationFactor,lineItem/NormalizedUsageAmount,lineItem/UnblendedRate,lineItem/UnblendedCost,lineItem/LineItemDescription,product/ProductName
17037,yydfw2b5tdxp4ln35andqwmkgu4quioh5tfsmai3vrqcyjwx3bnq,455712485,AWS,Anniversary,829000000000.0,2020-04-01T00:00:00Z,467262080079,Usage,2020-04-23T03:00:00Z,2020-04-23T04:00:00Z,EU-DataTransfer-Out-Bytes,GET,,arn:aws:cloudfront::467262080079:distribution/E1TV45JG6RC50E,2.8699999999999996e-05,,,0.05,8.6e-08,$0.003 per GB data transfer out (Europe),Amazon CloudFront
17481,zcgwomsrxmp6t6vz2oy3bot5af6t3arciqgstkagktid5mfmijha,455712485,AWS,Anniversary,829000000000.0,2020-04-01T00:00:00Z,467262080079,Usage,2020-04-19T06:00:00Z,2020-04-19T07:00:00Z,EU-DataTransfer-Out-Bytes,GET,,arn:aws:cloudfront::467262080079:distribution/E1TV45JG6RC50E,6.38e-07,,,0.05,1.9e-09,$0.003 per GB data transfer out (United States),Amazon CloudFront
18153,enni6vasac23m7az3bhnwkgcjxrguk5zflq7cqx23qwv6ku2qj4a,455712485,AWS,Anniversary,829000000000.0,2020-04-01T00:00:00Z,467262080079,Usage,2020-04-27T13:00:00Z,2020-04-27T14:00:00Z,EU-DataTransfer-Out-Bytes,GET,,arn:aws:cloudfront::467262080079:distribution/E1TV45JG6RC50E,1.0,,,0.05,0.0,"$0.0 per 10,000 HTTP Requests (Europe)",Amazon CloudFront
18454,yydfw2b5tdxp4ln35andqwmkgu4quioh5tfsmai3vrqcyjwx3bnq,455712485,AWS,Anniversary,829000000000.0,2020-04-01T00:00:00Z,467262080079,Usage,2020-04-27T13:00:00Z,2020-04-27T14:00:00Z,EU-DataTransfer-Out-Bytes,GET,,arn:aws:cloudfront::467262080079:distribution/E1TV45JG6RC50E,6.38e-07,,,0.05,1.9e-09,$0.003 per GB data transfer out (Europe),Amazon CloudFront
18629,enni6vasac23m7az3bhnwkgcjxrguk5zflq7cqx23qwv6ku2qj4a,455712485,AWS,Anniversary,829000000000.0,2020-04-01T00:00:00Z,467262080079,Usage,2020-04-23T03:00:00Z,2020-04-23T04:00:00Z,EU-DataTransfer-Out-Bytes,GET,,arn:aws:cloudfront::467262080079:distribution/E1TV45JG6RC50E,2.0,,,0.05,0.0,"$0.0 per 10,000 HTTP Requests (Europe)",Amazon CloudFront
19315,j4kzsyldtv56x2zcmazoyegmt4hbxckpobshdli4ngitpy53q6sa,455712485,AWS,Anniversary,829000000000.0,2020-04-01T00:00:00Z,467262080079,Usage,2020-04-19T06:00:00Z,2020-04-19T07:00:00Z,EU-DataTransfer-Out-Bytes,GET,,arn:aws:cloudfront::467262080079:distribution/E1TV45JG6RC50E,1.0,,,0.05,0.0,"$0.0 per 10,000 HTTP Requests (United States)",Amazon CloudFront
43723,u2deflcctwxrznr7dnk7uhqz6mhx543vkeuu4p7oj6fqaabbsana,455712485,AWS,Anniversary,829000000000.0,2020-04-01T00:00:00Z,467262080079,Usage,2020-04-16T00:00:00Z,2020-04-16T12:00:00Z,EU-DataTransfer-Out-Bytes,GET,,arn:aws:cloudfront::892276603348:distribution/E6TD377MIJ1YS,112.0,,,0.05,0.0,"$0.0 per 10,000 HTTPS Requests (Asia)",Amazon CloudFront
43784,fd3ju2iwopnmfcjq7mwjg3zqkmvaqr7ehwrn7tpvcebmpl7ce5sa,455712485,AWS,Anniversary,829000000000.0,2020-04-01T00:00:00Z,467262080079,Usage,2020-04-22T00:00:00Z,2020-04-22T22:00:00Z,EU-DataTransfer-Out-Bytes,GET,,arn:aws:cloudfront::892276603348:distribution/E2H01FMP3BPAWZ,0.10951847099999999,,,0.05,0.000383315,$0.0035 per GB data transfer out (Asia),Amazon CloudFront
43789,u2deflcctwxrznr7dnk7uhqz6mhx543vkeuu4p7oj6fqaabbsana,455712485,AWS,Anniversary,829000000000.0,2020-04-01T00:00:00Z,467262080079,Usage,2020-04-08T00:00:00Z,2020-04-08T12:00:00Z,EU-DataTransfer-Out-Bytes,GET,,arn:aws:cloudfront::892276603348:distribution/E6TD377MIJ1YS,123.0,,,0.05,0.0,"$0.0 per 10,000 HTTPS Requests (Asia)",Amazon CloudFront
43794,u2deflcctwxrznr7dnk7uhqz6mhx543vkeuu4p7oj6fqaabbsana,455712485,AWS,Anniversary,829000000000.0,2020-04-01T00:00:00Z,467262080079,Usage,2020-04-09T00:00:00Z,2020-04-09T16:00:00Z,EU-DataTransfer-Out-Bytes,GET,,arn:aws:cloudfront::892276603348:distribution/E6TD377MIJ1YS,112.0,,,0.05,0.0,"$0.0 per 10,000 HTTPS Requests (Asia)",Amazon CloudFront
43797,wr5finrixkjta2awkxjzfndmk2mwoucvz2wcawdb3tqlywbkmcrq,455712485,AWS,Anniversary,829000000000.0,2020-04-01T00:00:00Z,467262080079,Usage,2020-04-23T00:00:00Z,2020-04-23T12:00:00Z,EU-DataTransfer-Out-Bytes,GET,,arn:aws:cloudfront::892276603348:distribution/E6TD377MIJ1YS,0.20320808199999998,,,0.05,0.0007112280000000001,$0.0035 per GB data transfer out (Asia),Amazon CloudFront
43799,wchkgazkwwbbrpopeax3wrqqdtxxn7nqvzbdw475srhlgcxqhoqa,455712485,AWS,Anniversary,829000000000.0,2020-04-01T00:00:00Z,467262080079,Usage,2020-04-24T03:00:00Z,2020-04-24T11:00:00Z,EU-DataTransfer-Out-Bytes,GET,,arn:aws:cloudfront::892276603348:distribution/E6TD377MIJ1YS,2.0,,,0.05,0.0,"$0.0 per 10,000 HTTP Requests (Asia)",Amazon CloudFront
43801,tfhz6sfdomi72fcdimk7sqzurzrj6jpwpzg4qmww5t2bziunykbq,455712485,AWS,Anniversary,829000000000.0,2020-04-01T00:00:00Z,467262080079,Usage,2020-04-05T01:00:00Z,2020-04-05T02:00:00Z,EU-DataTransfer-Out-Bytes,GET,,arn:aws:cloudfront::892276603348:distribution/E2H01FMP3BPAWZ,10.0,,,0.05,0.0,"$0.0 per 10,000 HTTPS Requests (United States)",Amazon CloudFront
43808,tfhz6sfdomi72fcdimk7sqzurzrj6jpwpzg4qmww5t2bziunykbq,455712485,AWS,Anniversary,829000000000.0,2020-04-01T00:00:00Z,467262080079,Usage,2020-04-20T15:00:00Z,2020-04-20T16:00:00Z,EU-DataTransfer-Out-Bytes,GET,,arn:aws:cloudfront::892276603348:distribution/E2H01FMP3BPAWZ,11.0,,,0.05,0.0,"$0.0 per 10,000 HTTPS Requests (United States)",Amazon CloudFront
43824,wr5finrixkjta2awkxjzfndmk2mwoucvz2wcawdb3tqlywbkmcrq,455712485,AWS,Anniversary,829000000000.0,2020-04-01T00:00:00Z,467262080079,Usage,2020-04-28T00:00:00Z,2020-04-28T12:00:00Z,EU-DataTransfer-Out-Bytes,GET,,arn:aws:cloudfront::892276603348:distribution/E6TD377MIJ1YS,0.14066516199999998,,,0.05,0.000492328,$0.0035 per GB data transfer out (Asia),Amazon CloudFront
43880,u2deflcctwxrznr7dnk7uhqz6mhx543vkeuu4p7oj6fqaabbsana,455712485,AWS,Anniversary,829000000000.0,2020-04-01T00:00:00Z,467262080079,Usage,2020-04-12T04:00:00Z,2020-04-12T17:00:00Z,EU-DataTransfer-Out-Bytes,GET,,arn:aws:cloudfront::892276603348:distribution/E6TD377MIJ1YS,15.0,,,0.05,0.0,"$0.0 per 10,000 HTTPS Requests (Asia)",Amazon CloudFront
43907,rjesufzs3v25ripmwlgvx3laej42cxv3x7leqnwt6h3d3dz6yhtq,455712485,AWS,Anniversary,829000000000.0,2020-04-01T00:00:00Z,467262080079,Usage,2020-04-14T00:00:00Z,2020-04-14T23:00:00Z,EU-DataTransfer-Out-Bytes,GET,,arn:aws:cloudfront::892276603348:distribution/E2H01FMP3BPAWZ,200.0,,,0.05,0.0,"$0.0 per 10,000 HTTPS Requests (Asia)",Amazon CloudFront
43951,tfhz6sfdomi72fcdimk7sqzurzrj6jpwpzg4qmww5t2bziunykbq,455712485,AWS,Anniversary,829000000000.0,2020-04-01T00:00:00Z,467262080079,Usage,2020-04-29T03:00:00Z,2020-04-29T04:00:00Z,EU-DataTransfer-Out-Bytes,GET,,arn:aws:cloudfront::892276603348:distribution/E2H01FMP3BPAWZ,1.0,,,0.05,0.0,"$0.0 per 10,000 HTTPS Requests (United States)",Amazon CloudFront
43973,u2deflcctwxrznr7dnk7uhqz6mhx543vkeuu4p7oj6fqaabbsana,455712485,AWS,Anniversary,829000000000.0,2020-04-01T00:00:00Z,467262080079,Usage,2020-04-05T03:00:00Z,2020-04-05T19:00:00Z,EU-DataTransfer-Out-Bytes,GET,,arn:aws:cloudfront::892276603348:distribution/E6TD377MIJ1YS,32.0,,,0.05,0.0,"$0.0 per 10,000 HTTPS Requests (Asia)",Amazon CloudFront
44011,tfhz6sfdomi72fcdimk7sqzurzrj6jpwpzg4qmww5t2bziunykbq,455712485,AWS,Anniversary,829000000000.0,2020-04-01T00:00:00Z,467262080079,Usage,2020-04-16T05:00:00Z,2020-04-16T06:00:00Z,EU-DataTransfer-Out-Bytes,GET,,arn:aws:cloudfront::892276603348:distribution/E2H01FMP3BPAWZ,1.0,,,0.05,0.0,"$0.0 per 10,000 HTTPS Requests (United States)",Amazon CloudFront
44027,ab2ggbi42bdmfaujeuq57scx2cl3som2d77fmraete7itmivin6a,455712485,AWS,Anniversary,829000000000.0,2020-04-01T00:00:00Z,467262080079,Usage,2020-04-08T06:00:00Z,2020-04-08T07:00:00Z,EU-DataTransfer-Out-Bytes,GET,,arn:aws:cloudfront::892276603348:distribution/E2H01FMP3BPAWZ,0.000566202,,,0.05,1.98e-06,$0.0035 per GB data transfer out (Japan),Amazon CloudFront
44058,fd3ju2iwopnmfcjq7mwjg3zqkmvaqr7ehwrn7tpvcebmpl7ce5sa,455712485,AWS,Anniversary,829000000000.0,2020-04-01T00:00:00Z,467262080079,Usage,2020-04-24T01:00:00Z,2020-04-24T18:00:00Z,EU-DataTransfer-Out-Bytes,GET,,arn:aws:cloudfront::892276603348:distribution/E2H01FMP3BPAWZ,0.08133662400000001,,,0.05,0.000284678,$0.0035 per GB data transfer out (Asia),Amazon CloudFront
