,identity/LineItemId,bill/InvoiceId,bill/BillingEntity,bill/BillType,bill/PayerAccountId,bill/BillingPeriodStartDate,lineItem/UsageAccountId,lineItem/LineItemType,lineItem/UsageStartDate,lineItem/UsageEndDate,lineItem/UsageType,lineItem/Operation,lineItem/AvailabilityZone,lineItem/ResourceId,lineItem/UsageAmount,lineItem/NormalizationFactor,lineItem/NormalizedUsageAmount,lineItem/UnblendedRate,lineItem/UnblendedCost,lineItem/LineItemDescription,product/ProductName
173,7xnz5v6qvkmkwxoj3mzj762kvzdib4gp6irmshwxopms5y7ql5ca,455712485,AWS,Anniversary,8.29E+11,2020-04-01T00:00:00Z,2.74E+11,SavingsPlanRecurringFee,2020-04-09T00:00:00Z,2020-04-10T00:00:00Z,ComputeSP:3yrNoUpfront,,,,24,,,6.4,153.6,3 year No Upfront Compute Savings Plan,Savings Plans for AWS Compute usage
174,7xnz5v6qvkmkwxoj3mzj762kvzdib4gp6irmshwxopms5y7ql5ca,455712485,AWS,Anniversary,8.29E+11,2020-04-01T00:00:00Z,2.74E+11,SavingsPlanRecurringFee,2020-04-08T00:00:00Z,2020-04-09T00:00:00Z,ComputeSP:3yrNoUpfront,,,,24,,,6.4,153.6,3 year No Upfront Compute Savings Plan,Savings Plans for AWS Compute usage
175,hrtmtcpkcifzl7ghwn6mmd2uroqnnnnb6didflhpju3vrwu3g2sa,455712485,AWS,Anniversary,8.29E+11,2020-04-01T00:00:00Z,2.74E+11,Tax,2020-04-01T00:00:00Z,2020-04-20T03:04:44Z,ComputeSP:3yrNoUpfront,,,,1,,,,0,Tax for product code ComputeSavingsPlans usage type ComputeSP:3yrNoUpfront,Savings Plans for AWS Compute usage
176,7xnz5v6qvkmkwxoj3mzj762kvzdib4gp6irmshwxopms5y7ql5ca,455712485,AWS,Anniversary,8.29E+11,2020-04-01T00:00:00Z,2.74E+11,SavingsPlanRecurringFee,2020-04-19T00:00:00Z,2020-04-20T00:00:00Z,ComputeSP:3yrNoUpfront,,,,24,,,6.4,153.6,3 year No Upfront Compute Savings Plan,Savings Plans for AWS Compute usage
177,7xnz5v6qvkmkwxoj3mzj762kvzdib4gp6irmshwxopms5y7ql5ca,455712485,AWS,Anniversary,8.29E+11,2020-04-01T00:00:00Z,2.74E+11,SavingsPlanRecurringFee,2020-04-04T00:00:00Z,2020-04-05T00:00:00Z,ComputeSP:3yrNoUpfront,,,,24,,,6.4,153.6,3 year No Upfront Compute Savings Plan,Savings Plans for AWS Compute usage
178,7xnz5v6qvkmkwxoj3mzj762kvzdib4gp6irmshwxopms5y7ql5ca,455712485,AWS,Anniversary,8.29E+11,2020-04-01T00:00:00Z,2.74E+11,SavingsPlanRecurringFee,2020-04-07T00:00:00Z,2020-04-08T00:00:00Z,ComputeSP:3yrNoUpfront,,,,24,,,6.4,153.6,3 year No Upfront Compute Savings Plan,Savings Plans for AWS Compute usage
179,7xnz5v6qvkmkwxoj3mzj762kvzdib4gp6irmshwxopms5y7ql5ca,455712485,AWS,Anniversary,8.29E+11,2020-04-01T00:00:00Z,2.74E+11,SavingsPlanRecurringFee,2020-04-02T00:00:00Z,2020-04-03T00:00:00Z,ComputeSP:3yrNoUpfront,,,,24,,,6.4,153.6,3 year No Upfront Compute Savings Plan,Savings Plans for AWS Compute usage
180,7xnz5v6qvkmkwxoj3mzj762kvzdib4gp6irmshwxopms5y7ql5ca,455712485,AWS,Anniversary,8.29E+11,2020-04-01T00:00:00Z,2.74E+11,SavingsPlanRecurringFee,2020-04-16T00:00:00Z,2020-04-17T00:00:00Z,ComputeSP:3yrNoUpfront,,,,24,,,6.4,153.6,3 year No Upfront Compute Savings Plan,Savings Plans for AWS Compute usage
181,7xnz5v6qvkmkwxoj3mzj762kvzdib4gp6irmshwxopms5y7ql5ca,455712485,AWS,Anniversary,8.29E+11,2020-04-01T00:00:00Z,2.74E+11,SavingsPlanRecurringFee,2020-04-11T00:00:00Z,2020-04-12T00:00:00Z,ComputeSP:3yrNoUpfront,,,,24,,,6.4,153.6,3 year No Upfront Compute Savings Plan,Savings Plans for AWS Compute usage
182,7xnz5v6qvkmkwxoj3mzj762kvzdib4gp6irmshwxopms5y7ql5ca,455712485,AWS,Anniversary,8.29E+11,2020-04-01T00:00:00Z,2.74E+11,SavingsPlanRecurringFee,2020-04-17T00:00:00Z,2020-04-18T00:00:00Z,ComputeSP:3yrNoUpfront,,,,24,,,6.4,153.6,3 year No Upfront Compute Savings Plan,Savings Plans for AWS Compute usage
183,7xnz5v6qvkmkwxoj3mzj762kvzdib4gp6irmshwxopms5y7ql5ca,455712485,AWS,Anniversary,8.29E+11,2020-04-01T00:00:00Z,2.74E+11,SavingsPlanRecurringFee,2020-04-13T00:00:00Z,2020-04-14T00:00:00Z,ComputeSP:3yrNoUpfront,,,,24,,,6.4,153.6,3 year No Upfront Compute Savings Plan,Savings Plans for AWS Compute usage
1203,mphvylq6xa4oz66i53yrlz3opshmvcohrdxzs4p3ueitbjbwiowa,455712485,AWS,Anniversary,8.29E+11,2020-04-01T00:00:00Z,6.11E+11,SavingsPlanRecurringFee,2020-04-12T00:00:00Z,2020-04-13T00:00:00Z,ComputeSP:1yrAllUpfront,,,,24,,,0,0,1 year All Upfront Compute Savings Plan,Savings Plans for AWS Compute usage
1206,mphvylq6xa4oz66i53yrlz3opshmvcohrdxzs4p3ueitbjbwiowa,455712485,AWS,Anniversary,8.29E+11,2020-04-01T00:00:00Z,6.11E+11,SavingsPlanRecurringFee,2020-04-08T00:00:00Z,2020-04-09T00:00:00Z,ComputeSP:1yrAllUpfront,,,,24,,,0,0,1 year All Upfront Compute Savings Plan,Savings Plans for AWS Compute usage
2585,g4mbrkn7gfb7rbobhzb23ojvagpfpffdhliyukraiufmhix3sqoq,455712485,AWS,Anniversary,8.29E+11,2020-04-01T00:00:00Z,8.01E+11,Tax,2020-04-01T00:00:00Z,2020-05-01T00:00:00Z,AU-Requests-HTTPS-Proxy,,,,1,,,,0,Tax for product code AmazonCloudFront usage type AU-Requests-HTTPS-Proxy,Amazon CloudFront
2588,5ixpcty7cyy5hfg64n7urj6bmkdvmkwsrkptmlizcihyizmjwdrq,455712485,AWS,Anniversary,8.29E+11,2020-04-01T00:00:00Z,8.01E+11,Tax,2020-04-01T00:00:00Z,2020-05-01T00:00:00Z,IN-DataTransfer-Out-OBytes,,,,1,,,,0,Tax for product code AmazonCloudFront usage type IN-DataTransfer-Out-OBytes,Amazon CloudFront
2589,u75mku2tizdyo37fwqhepevvgm36vvllkpbyz3ubjtdeivslxtga,455712485,AWS,Anniversary,8.29E+11,2020-04-01T00:00:00Z,8.01E+11,Tax,2020-04-01T00:00:00Z,2020-05-01T00:00:00Z,SA-Requests-HTTPS-Proxy,,,,1,,,,0,Tax for product code AmazonCloudFront usage type SA-Requests-HTTPS-Proxy,Amazon CloudFront
2591,7nqnmgrejvhf635i5uhhzt22kaxcymkbjdebn6h7ekb5bxxio33q,455712485,AWS,Anniversary,8.29E+11,2020-04-01T00:00:00Z,8.01E+11,Tax,2020-04-01T00:00:00Z,2020-05-01T00:00:00Z,EU-Requests-HTTPS-Proxy,,,,1,,,,0,Tax for product code AmazonCloudFront usage type EU-Requests-HTTPS-Proxy,Amazon CloudFront
3295,h7oqacru2binyly4ctthu7bfylaevuwmm5n7u2f7hsqbnnrzijcq,455712485,AWS,Anniversary,8.29E+11,2020-04-01T00:00:00Z,1.94E+11,Tax,2020-04-01T00:00:00Z,2020-05-01T00:00:00Z,ME-DataTransfer-Out-Bytes,,,,1,,,,0,Tax for product code AmazonCloudFront usage type ME-DataTransfer-Out-Bytes,Amazon CloudFront
3298,7fzzdcculpa555t3nqdq7zblsc4ziq5kabuvowp545syktd7qjeq,455712485,AWS,Anniversary,8.29E+11,2020-04-01T00:00:00Z,1.94E+11,Tax,2020-04-01T00:00:00Z,2020-05-01T00:00:00Z,EU-DataTransfer-Out-Bytes,,,,1,,,,0,Tax for product code AmazonCloudFront usage type EU-DataTransfer-Out-Bytes,Amazon CloudFront
3396,s5ba24dutbla6ptkk76xypqt6er5lts44mksah2aytpynmcbr6vq,455712485,AWS,Anniversary,8.29E+11,2020-04-01T00:00:00Z,1.94E+11,Tax,2020-04-01T00:00:00Z,2020-05-01T00:00:00Z,JP-DataTransfer-Out-Bytes,,,,1,,,,0,Tax for product code AmazonCloudFront usage type JP-DataTransfer-Out-Bytes,Amazon CloudFront
3399,pudd45f6ciz3ne7yuadby7imk6sn2ga224kg2ablxp2acpvyvdka,455712485,AWS,Anniversary,8.29E+11,2020-04-01T00:00:00Z,1.94E+11,Tax,2020-04-01T00:00:00Z,2020-05-01T00:00:00Z,SA-DataTransfer-Out-Bytes,,,,1,,,,0,Tax for product code AmazonCloudFront usage type SA-DataTransfer-Out-Bytes,Amazon CloudFront
3433,5klxon6byrvzowzfve4kg4ymkxy7o5si4l3ybdvqe4bnyn5dqvda,455712485,AWS,Anniversary,8.29E+11,2020-04-01T00:00:00Z,1.94E+11,Tax,2020-04-01T00:00:00Z,2020-05-01T00:00:00Z,AU-DataTransfer-Out-Bytes,,,,1,,,,0,Tax for product code AmazonCloudFront usage type AU-DataTransfer-Out-Bytes,Amazon CloudFront
3469,pnqgbyk5w5qem63l6loisxjezxoa5czkyptuttwszkyqmorjks2a,455712485,AWS,Anniversary,8.29E+11,2020-04-01T00:00:00Z,1.94E+11,Tax,2020-04-01T00:00:00Z,2020-05-01T00:00:00Z,IN-DataTransfer-Out-Bytes,,,,1,,,,0,Tax for product code AmazonCloudFront usage type IN-DataTransfer-Out-Bytes,Amazon CloudFront
3472,uq76bpiebhebopuzqj7hbvqlyczw6xnz6oikzev3l4agbt2tff4a,455712485,AWS,Anniversary,8.29E+11,2020-04-01T00:00:00Z,1.94E+11,Tax,2020-04-01T00:00:00Z,2020-05-01T00:00:00Z,US-DataTransfer-Out-Bytes,,,,1,,,,0,Tax for product code AmazonCloudFront usage type US-DataTransfer-Out-Bytes,Amazon CloudFront
3500,4elaqj7tzo2tivtgd3rzfooxpwvkebp4bm3kmrbc2k7n2phki4ja,455712485,AWS,Anniversary,8.29E+11,2020-04-01T00:00:00Z,1.94E+11,Tax,2020-04-01T00:00:00Z,2020-05-01T00:00:00Z,CA-DataTransfer-Out-Bytes,,,,1,,,,0,Tax for product code AmazonCloudFront usage type CA-DataTransfer-Out-Bytes,Amazon CloudFront
17037,yydfw2b5tdxp4ln35andqwmkgu4quioh5tfsmai3vrqcyjwx3bnq,455712485,AWS,Anniversary,8.29E+11,2020-04-01T00:00:00Z,4.67E+11,Usage,2020-04-23T03:00:00Z,2020-04-23T04:00:00Z,EU-DataTransfer-Out-Bytes,GET,,arn:aws:cloudfront::467262080079:distribution/E1TV45JG6RC50E,2.87E-05,,,0.003,8.60E-08,$0.003 per GB data transfer out (Europe),Amazon CloudFront
17481,zcgwomsrxmp6t6vz2oy3bot5af6t3arciqgstkagktid5mfmijha,455712485,AWS,Anniversary,8.29E+11,2020-04-01T00:00:00Z,4.67E+11,Usage,2020-04-19T06:00:00Z,2020-04-19T07:00:00Z,US-DataTransfer-Out-Bytes,GET,,arn:aws:cloudfront::467262080079:distribution/E1TV45JG6RC50E,6.38E-07,,,0.003,1.90E-09,$0.003 per GB data transfer out (United States),Amazon CloudFront
18153,enni6vasac23m7az3bhnwkgcjxrguk5zflq7cqx23qwv6ku2qj4a,455712485,AWS,Anniversary,8.29E+11,2020-04-01T00:00:00Z,4.67E+11,Usage,2020-04-27T13:00:00Z,2020-04-27T14:00:00Z,EU-Requests-Tier1,GET,,arn:aws:cloudfront::467262080079:distribution/E1TV45JG6RC50E,1,,,0,0,"$0.0 per 10,000 HTTP Requests (Europe)",Amazon CloudFront
18454,yydfw2b5tdxp4ln35andqwmkgu4quioh5tfsmai3vrqcyjwx3bnq,455712485,AWS,Anniversary,8.29E+11,2020-04-01T00:00:00Z,4.67E+11,Usage,2020-04-27T13:00:00Z,2020-04-27T14:00:00Z,EU-DataTransfer-Out-Bytes,GET,,arn:aws:cloudfront::467262080079:distribution/E1TV45JG6RC50E,6.38E-07,,,0.003,1.90E-09,$0.003 per GB data transfer out (Europe),Amazon CloudFront
18629,enni6vasac23m7az3bhnwkgcjxrguk5zflq7cqx23qwv6ku2qj4a,455712485,AWS,Anniversary,8.29E+11,2020-04-01T00:00:00Z,4.67E+11,Usage,2020-04-23T03:00:00Z,2020-04-23T04:00:00Z,EU-Requests-Tier1,GET,,arn:aws:cloudfront::467262080079:distribution/E1TV45JG6RC50E,2,,,0,0,"$0.0 per 10,000 HTTP Requests (Europe)",Amazon CloudFront
19315,j4kzsyldtv56x2zcmazoyegmt4hbxckpobshdli4ngitpy53q6sa,455712485,AWS,Anniversary,8.29E+11,2020-04-01T00:00:00Z,4.67E+11,Usage,2020-04-19T06:00:00Z,2020-04-19T07:00:00Z,US-Requests-Tier1,GET,,arn:aws:cloudfront::467262080079:distribution/E1TV45JG6RC50E,1,,,0,0,"$0.0 per 10,000 HTTP Requests (United States)",Amazon CloudFront
43723,u2deflcctwxrznr7dnk7uhqz6mhx543vkeuu4p7oj6fqaabbsana,455712485,AWS,Anniversary,8.29E+11,2020-04-01T00:00:00Z,8.92E+11,Usage,2020-04-16T00:00:00Z,2020-04-16T12:00:00Z,AP-Requests-Tier2-HTTPS,GET,,arn:aws:cloudfront::892276603348:distribution/E6TD377MIJ1YS,112,,,0,0,"$0.0 per 10,000 HTTPS Requests (Asia)",Amazon CloudFront
43784,fd3ju2iwopnmfcjq7mwjg3zqkmvaqr7ehwrn7tpvcebmpl7ce5sa,455712485,AWS,Anniversary,8.29E+11,2020-04-01T00:00:00Z,8.92E+11,Usage,2020-04-22T00:00:00Z,2020-04-22T22:00:00Z,AP-DataTransfer-Out-Bytes,GET,,arn:aws:cloudfront::892276603348:distribution/E2H01FMP3BPAWZ,0.109518471,,,0.0035,0.000383315,$0.0035 per GB data transfer out (Asia),Amazon CloudFront
43789,u2deflcctwxrznr7dnk7uhqz6mhx543vkeuu4p7oj6fqaabbsana,455712485,AWS,Anniversary,8.29E+11,2020-04-01T00:00:00Z,8.92E+11,Usage,2020-04-08T00:00:00Z,2020-04-08T12:00:00Z,AP-Requests-Tier2-HTTPS,GET,,arn:aws:cloudfront::892276603348:distribution/E6TD377MIJ1YS,123,,,0,0,"$0.0 per 10,000 HTTPS Requests (Asia)",Amazon CloudFront
43794,u2deflcctwxrznr7dnk7uhqz6mhx543vkeuu4p7oj6fqaabbsana,455712485,AWS,Anniversary,8.29E+11,2020-04-01T00:00:00Z,8.92E+11,Usage,2020-04-09T00:00:00Z,2020-04-09T16:00:00Z,AP-Requests-Tier2-HTTPS,GET,,arn:aws:cloudfront::892276603348:distribution/E6TD377MIJ1YS,112,,,0,0,"$0.0 per 10,000 HTTPS Requests (Asia)",Amazon CloudFront
43797,wr5finrixkjta2awkxjzfndmk2mwoucvz2wcawdb3tqlywbkmcrq,455712485,AWS,Anniversary,8.29E+11,2020-04-01T00:00:00Z,8.92E+11,Usage,2020-04-23T00:00:00Z,2020-04-23T12:00:00Z,AP-DataTransfer-Out-Bytes,GET,,arn:aws:cloudfront::892276603348:distribution/E6TD377MIJ1YS,0.203208082,,,0.0035,0.000711228,$0.0035 per GB data transfer out (Asia),Amazon CloudFront
43799,wchkgazkwwbbrpopeax3wrqqdtxxn7nqvzbdw475srhlgcxqhoqa,455712485,AWS,Anniversary,8.29E+11,2020-04-01T00:00:00Z,8.92E+11,Usage,2020-04-24T03:00:00Z,2020-04-24T11:00:00Z,AP-Requests-Tier1,GET,,arn:aws:cloudfront::892276603348:distribution/E6TD377MIJ1YS,2,,,0,0,"$0.0 per 10,000 HTTP Requests (Asia)",Amazon CloudFront
43801,tfhz6sfdomi72fcdimk7sqzurzrj6jpwpzg4qmww5t2bziunykbq,455712485,AWS,Anniversary,8.29E+11,2020-04-01T00:00:00Z,8.92E+11,Usage,2020-04-05T01:00:00Z,2020-04-05T02:00:00Z,US-Requests-Tier2-HTTPS,GET,,arn:aws:cloudfront::892276603348:distribution/E2H01FMP3BPAWZ,10,,,0,0,"$0.0 per 10,000 HTTPS Requests (United States)",Amazon CloudFront
43808,tfhz6sfdomi72fcdimk7sqzurzrj6jpwpzg4qmww5t2bziunykbq,455712485,AWS,Anniversary,8.29E+11,2020-04-01T00:00:00Z,8.92E+11,Usage,2020-04-20T15:00:00Z,2020-04-20T16:00:00Z,US-Requests-Tier2-HTTPS,GET,,arn:aws:cloudfront::892276603348:distribution/E2H01FMP3BPAWZ,11,,,0,0,"$0.0 per 10,000 HTTPS Requests (United States)",Amazon CloudFront
43824,wr5finrixkjta2awkxjzfndmk2mwoucvz2wcawdb3tqlywbkmcrq,455712485,AWS,Anniversary,8.29E+11,2020-04-01T00:00:00Z,8.92E+11,Usage,2020-04-28T00:00:00Z,2020-04-28T12:00:00Z,AP-DataTransfer-Out-Bytes,GET,,arn:aws:cloudfront::892276603348:distribution/E6TD377MIJ1YS,0.140665162,,,0.0035,0.000492328,$0.0035 per GB data transfer out (Asia),Amazon CloudFront
43880,u2deflcctwxrznr7dnk7uhqz6mhx543vkeuu4p7oj6fqaabbsana,455712485,AWS,Anniversary,8.29E+11,2020-04-01T00:00:00Z,8.92E+11,Usage,2020-04-12T04:00:00Z,2020-04-12T17:00:00Z,AP-Requests-Tier2-HTTPS,GET,,arn:aws:cloudfront::892276603348:distribution/E6TD377MIJ1YS,15,,,0,0,"$0.0 per 10,000 HTTPS Requests (Asia)",Amazon CloudFront
43907,rjesufzs3v25ripmwlgvx3laej42cxv3x7leqnwt6h3d3dz6yhtq,455712485,AWS,Anniversary,8.29E+11,2020-04-01T00:00:00Z,8.92E+11,Usage,2020-04-14T00:00:00Z,2020-04-14T23:00:00Z,AP-Requests-Tier2-HTTPS,GET,,arn:aws:cloudfront::892276603348:distribution/E2H01FMP3BPAWZ,200,,,0,0,"$0.0 per 10,000 HTTPS Requests (Asia)",Amazon CloudFront
43951,tfhz6sfdomi72fcdimk7sqzurzrj6jpwpzg4qmww5t2bziunykbq,455712485,AWS,Anniversary,8.29E+11,2020-04-01T00:00:00Z,8.92E+11,Usage,2020-04-29T03:00:00Z,2020-04-29T04:00:00Z,US-Requests-Tier2-HTTPS,GET,,arn:aws:cloudfront::892276603348:distribution/E2H01FMP3BPAWZ,1,,,0,0,"$0.0 per 10,000 HTTPS Requests (United States)",Amazon CloudFront
43973,u2deflcctwxrznr7dnk7uhqz6mhx543vkeuu4p7oj6fqaabbsana,455712485,AWS,Anniversary,8.29E+11,2020-04-01T00:00:00Z,8.92E+11,Usage,2020-04-05T03:00:00Z,2020-04-05T19:00:00Z,AP-Requests-Tier2-HTTPS,GET,,arn:aws:cloudfront::892276603348:distribution/E6TD377MIJ1YS,32,,,0,0,"$0.0 per 10,000 HTTPS Requests (Asia)",Amazon CloudFront
44011,tfhz6sfdomi72fcdimk7sqzurzrj6jpwpzg4qmww5t2bziunykbq,455712485,AWS,Anniversary,8.29E+11,2020-04-01T00:00:00Z,8.92E+11,Usage,2020-04-16T05:00:00Z,2020-04-16T06:00:00Z,US-Requests-Tier2-HTTPS,GET,,arn:aws:cloudfront::892276603348:distribution/E2H01FMP3BPAWZ,1,,,0,0,"$0.0 per 10,000 HTTPS Requests (United States)",Amazon CloudFront
44027,ab2ggbi42bdmfaujeuq57scx2cl3som2d77fmraete7itmivin6a,455712485,AWS,Anniversary,8.29E+11,2020-04-01T00:00:00Z,8.92E+11,Usage,2020-04-08T06:00:00Z,2020-04-08T07:00:00Z,JP-DataTransfer-Out-Bytes,GET,,arn:aws:cloudfront::892276603348:distribution/E2H01FMP3BPAWZ,0.000566202,,,0.0035,1.98E-06,$0.0035 per GB data transfer out (Japan),Amazon CloudFront
44058,fd3ju2iwopnmfcjq7mwjg3zqkmvaqr7ehwrn7tpvcebmpl7ce5sa,455712485,AWS,Anniversary,8.29E+11,2020-04-01T00:00:00Z,8.92E+11,Usage,2020-04-24T01:00:00Z,2020-04-24T18:00:00Z,AP-DataTransfer-Out-Bytes,GET,,arn:aws:cloudfront::892276603348:distribution/E2H01FMP3BPAWZ,0.081336624,,,0.0035,0.000284678,$0.0035 per GB data transfer out (Asia),Amazon CloudFront
147947,7z2wat5hmzaq26geqacivemlqvh7sylvz7jivyqjvbyy4rcoy6yq,455712485,AWS,Anniversary,8.29E+11,2020-04-01T00:00:00Z,5.05E+11,Usage,2020-04-30T13:00:00Z,2020-04-30T16:00:00Z,USE1-Event-64K-Chunks,PutEvents,,PutCrossAccountEvents,6,,,1.00E-06,6.00E-06,$1.00 per million EventBridge custom events received in US East (N. Virginia),CloudWatch Events
148029,ur5oaq3emctjsse6hyjcm65pbt4fn25dlkc4h5uuapyp4apmjx3q,455712485,AWS,Anniversary,8.29E+11,2020-04-01T00:00:00Z,5.05E+11,Usage,2020-04-29T00:00:00Z,2020-04-30T00:00:00Z,APS1-Event-64K-Chunks,PutEvents,,PutCrossAccountEvents,421,,,1.00E-06,0.000421,$1.00 per million EventBridge custom events received in Asia Pacific (Singapore),CloudWatch Events
155110,ur5oaq3emctjsse6hyjcm65pbt4fn25dlkc4h5uuapyp4apmjx3q,455712485,AWS,Anniversary,8.29E+11,2020-04-01T00:00:00Z,5.05E+11,Usage,2020-04-28T00:00:00Z,2020-04-29T00:00:00Z,APS1-Event-64K-Chunks,PutEvents,,PutCrossAccountEvents,477,,,1.00E-06,0.000477,$1.00 per million EventBridge custom events received in Asia Pacific (Singapore),CloudWatch Events
156467,ur5oaq3emctjsse6hyjcm65pbt4fn25dlkc4h5uuapyp4apmjx3q,455712485,AWS,Anniversary,8.29E+11,2020-04-01T00:00:00Z,5.05E+11,Usage,2020-04-30T00:00:00Z,2020-05-01T00:00:00Z,APS1-Event-64K-Chunks,PutEvents,,PutCrossAccountEvents,429,,,1.00E-06,0.000429,$1.00 per million EventBridge custom events received in Asia Pacific (Singapore),CloudWatch Events
487415,p5d32ulhmjoercmo7xk27gt2dnphyqbw2pfonx64dduw35ynipxq,455712485,AWS,Anniversary,8.29E+11,2020-04-01T00:00:00Z,8.01E+11,Usage,2020-04-07T00:00:00Z,2020-04-08T00:00:00Z,APS1-Event-64K-Chunks,PutEvents,,PutCrossAccountEvents,305,,,1.00E-06,0.000305,$1.00 per million EventBridge custom events received in Asia Pacific (Singapore),CloudWatch Events
493046,p5d32ulhmjoercmo7xk27gt2dnphyqbw2pfonx64dduw35ynipxq,455712485,AWS,Anniversary,8.29E+11,2020-04-01T00:00:00Z,8.01E+11,Usage,2020-04-24T00:00:00Z,2020-04-25T00:00:00Z,APS1-Event-64K-Chunks,PutEvents,,PutCrossAccountEvents,355,,,1.00E-06,0.000355,$1.00 per million EventBridge custom events received in Asia Pacific (Singapore),CloudWatch Events
496013,p5d32ulhmjoercmo7xk27gt2dnphyqbw2pfonx64dduw35ynipxq,455712485,AWS,Anniversary,8.29E+11,2020-04-01T00:00:00Z,8.01E+11,Usage,2020-04-11T00:00:00Z,2020-04-12T00:00:00Z,APS1-Event-64K-Chunks,PutEvents,,PutCrossAccountEvents,314,,,1.00E-06,0.000314,$1.00 per million EventBridge custom events received in Asia Pacific (Singapore),CloudWatch Events
502360,p5d32ulhmjoercmo7xk27gt2dnphyqbw2pfonx64dduw35ynipxq,455712485,AWS,Anniversary,8.29E+11,2020-04-01T00:00:00Z,8.01E+11,Usage,2020-04-26T00:00:00Z,2020-04-27T00:00:00Z,APS1-Event-64K-Chunks,PutEvents,,PutCrossAccountEvents,283,,,1.00E-06,0.000283,$1.00 per million EventBridge custom events received in Asia Pacific (Singapore),CloudWatch Events
503641,p5d32ulhmjoercmo7xk27gt2dnphyqbw2pfonx64dduw35ynipxq,455712485,AWS,Anniversary,8.29E+11,2020-04-01T00:00:00Z,8.01E+11,Usage,2020-04-13T00:00:00Z,2020-04-14T00:00:00Z,APS1-Event-64K-Chunks,PutEvents,,PutCrossAccountEvents,341,,,1.00E-06,0.000341,$1.00 per million EventBridge custom events received in Asia Pacific (Singapore),CloudWatch Events
504230,p5d32ulhmjoercmo7xk27gt2dnphyqbw2pfonx64dduw35ynipxq,455712485,AWS,Anniversary,8.29E+11,2020-04-01T00:00:00Z,8.01E+11,Usage,2020-04-06T00:00:00Z,2020-04-07T00:00:00Z,APS1-Event-64K-Chunks,PutEvents,,PutCrossAccountEvents,252,,,1.00E-06,0.000252,$1.00 per million EventBridge custom events received in Asia Pacific (Singapore),CloudWatch Events
505743,p5d32ulhmjoercmo7xk27gt2dnphyqbw2pfonx64dduw35ynipxq,455712485,AWS,Anniversary,8.29E+11,2020-04-01T00:00:00Z,8.01E+11,Usage,2020-04-19T00:00:00Z,2020-04-20T00:00:00Z,APS1-Event-64K-Chunks,PutEvents,,PutCrossAccountEvents,314,,,1.00E-06,0.000314,$1.00 per million EventBridge custom events received in Asia Pacific (Singapore),CloudWatch Events
508000,p5d32ulhmjoercmo7xk27gt2dnphyqbw2pfonx64dduw35ynipxq,455712485,AWS,Anniversary,8.29E+11,2020-04-01T00:00:00Z,8.01E+11,Usage,2020-04-09T00:00:00Z,2020-04-10T00:00:00Z,APS1-Event-64K-Chunks,PutEvents,,PutCrossAccountEvents,224,,,1.00E-06,0.000224,$1.00 per million EventBridge custom events received in Asia Pacific (Singapore),CloudWatch Events
510606,p5d32ulhmjoercmo7xk27gt2dnphyqbw2pfonx64dduw35ynipxq,455712485,AWS,Anniversary,8.29E+11,2020-04-01T00:00:00Z,8.01E+11,Usage,2020-04-28T00:00:00Z,2020-04-29T00:00:00Z,APS1-Event-64K-Chunks,PutEvents,,PutCrossAccountEvents,367,,,1.00E-06,0.000367,$1.00 per million EventBridge custom events received in Asia Pacific (Singapore),CloudWatch Events
511084,p5d32ulhmjoercmo7xk27gt2dnphyqbw2pfonx64dduw35ynipxq,455712485,AWS,Anniversary,8.29E+11,2020-04-01T00:00:00Z,8.01E+11,Usage,2020-04-29T00:00:00Z,2020-04-30T00:00:00Z,APS1-Event-64K-Chunks,PutEvents,,PutCrossAccountEvents,354,,,1.00E-06,0.000354,$1.00 per million EventBridge custom events received in Asia Pacific (Singapore),CloudWatch Events
511452,p5d32ulhmjoercmo7xk27gt2dnphyqbw2pfonx64dduw35ynipxq,455712485,AWS,Anniversary,8.29E+11,2020-04-01T00:00:00Z,8.01E+11,Usage,2020-04-10T00:00:00Z,2020-04-11T00:00:00Z,APS1-Event-64K-Chunks,PutEvents,,PutCrossAccountEvents,281,,,1.00E-06,0.000281,$1.00 per million EventBridge custom events received in Asia Pacific (Singapore),CloudWatch Events
513696,p5d32ulhmjoercmo7xk27gt2dnphyqbw2pfonx64dduw35ynipxq,455712485,AWS,Anniversary,8.29E+11,2020-04-01T00:00:00Z,8.01E+11,Usage,2020-04-12T00:00:00Z,2020-04-13T00:00:00Z,APS1-Event-64K-Chunks,PutEvents,,PutCrossAccountEvents,342,,,1.00E-06,0.000342,$1.00 per million EventBridge custom events received in Asia Pacific (Singapore),CloudWatch Events
514876,p5d32ulhmjoercmo7xk27gt2dnphyqbw2pfonx64dduw35ynipxq,455712485,AWS,Anniversary,8.29E+11,2020-04-01T00:00:00Z,8.01E+11,Usage,2020-04-18T00:00:00Z,2020-04-19T00:00:00Z,APS1-Event-64K-Chunks,PutEvents,,PutCrossAccountEvents,314,,,1.00E-06,0.000314,$1.00 per million EventBridge custom events received in Asia Pacific (Singapore),CloudWatch Events
516188,p5d32ulhmjoercmo7xk27gt2dnphyqbw2pfonx64dduw35ynipxq,455712485,AWS,Anniversary,8.29E+11,2020-04-01T00:00:00Z,8.01E+11,Usage,2020-04-27T00:00:00Z,2020-04-28T00:00:00Z,APS1-Event-64K-Chunks,PutEvents,,PutCrossAccountEvents,375,,,1.00E-06,0.000375,$1.00 per million EventBridge custom events received in Asia Pacific (Singapore),CloudWatch Events
516394,p5d32ulhmjoercmo7xk27gt2dnphyqbw2pfonx64dduw35ynipxq,455712485,AWS,Anniversary,8.29E+11,2020-04-01T00:00:00Z,8.01E+11,Usage,2020-04-22T00:00:00Z,2020-04-23T00:00:00Z,APS1-Event-64K-Chunks,PutEvents,,PutCrossAccountEvents,444,,,1.00E-06,0.000444,$1.00 per million EventBridge custom events received in Asia Pacific (Singapore),CloudWatch Events
518312,p5d32ulhmjoercmo7xk27gt2dnphyqbw2pfonx64dduw35ynipxq,455712485,AWS,Anniversary,8.29E+11,2020-04-01T00:00:00Z,8.01E+11,Usage,2020-04-03T00:00:00Z,2020-04-04T00:00:00Z,APS1-Event-64K-Chunks,PutEvents,,PutCrossAccountEvents,287,,,1.00E-06,0.000287,$1.00 per million EventBridge custom events received in Asia Pacific (Singapore),CloudWatch Events
518652,p5d32ulhmjoercmo7xk27gt2dnphyqbw2pfonx64dduw35ynipxq,455712485,AWS,Anniversary,8.29E+11,2020-04-01T00:00:00Z,8.01E+11,Usage,2020-04-17T00:00:00Z,2020-04-18T00:00:00Z,APS1-Event-64K-Chunks,PutEvents,,PutCrossAccountEvents,353,,,1.00E-06,0.000353,$1.00 per million EventBridge custom events received in Asia Pacific (Singapore),CloudWatch Events
520790,p5d32ulhmjoercmo7xk27gt2dnphyqbw2pfonx64dduw35ynipxq,455712485,AWS,Anniversary,8.29E+11,2020-04-01T00:00:00Z,8.01E+11,Usage,2020-04-05T00:00:00Z,2020-04-06T00:00:00Z,APS1-Event-64K-Chunks,PutEvents,,PutCrossAccountEvents,255,,,1.00E-06,0.000255,$1.00 per million EventBridge custom events received in Asia Pacific (Singapore),CloudWatch Events
521128,p5d32ulhmjoercmo7xk27gt2dnphyqbw2pfonx64dduw35ynipxq,455712485,AWS,Anniversary,8.29E+11,2020-04-01T00:00:00Z,8.01E+11,Usage,2020-04-15T00:00:00Z,2020-04-16T00:00:00Z,APS1-Event-64K-Chunks,PutEvents,,PutCrossAccountEvents,295,,,1.00E-06,0.000295,$1.00 per million EventBridge custom events received in Asia Pacific (Singapore),CloudWatch Events
522622,p5d32ulhmjoercmo7xk27gt2dnphyqbw2pfonx64dduw35ynipxq,455712485,AWS,Anniversary,8.29E+11,2020-04-01T00:00:00Z,8.01E+11,Usage,2020-04-21T00:00:00Z,2020-04-22T00:00:00Z,APS1-Event-64K-Chunks,PutEvents,,PutCrossAccountEvents,348,,,1.00E-06,0.000348,$1.00 per million EventBridge custom events received in Asia Pacific (Singapore),CloudWatch Events
523517,p5d32ulhmjoercmo7xk27gt2dnphyqbw2pfonx64dduw35ynipxq,455712485,AWS,Anniversary,8.29E+11,2020-04-01T00:00:00Z,8.01E+11,Usage,2020-04-30T00:00:00Z,2020-05-01T00:00:00Z,APS1-Event-64K-Chunks,PutEvents,,PutCrossAccountEvents,372,,,1.00E-06,0.000372,$1.00 per million EventBridge custom events received in Asia Pacific (Singapore),CloudWatch Events
524558,p5d32ulhmjoercmo7xk27gt2dnphyqbw2pfonx64dduw35ynipxq,455712485,AWS,Anniversary,8.29E+11,2020-04-01T00:00:00Z,8.01E+11,Usage,2020-04-16T00:00:00Z,2020-04-17T00:00:00Z,APS1-Event-64K-Chunks,PutEvents,,PutCrossAccountEvents,356,,,1.00E-06,0.000356,$1.00 per million EventBridge custom events received in Asia Pacific (Singapore),CloudWatch Events
530082,p5d32ulhmjoercmo7xk27gt2dnphyqbw2pfonx64dduw35ynipxq,455712485,AWS,Anniversary,8.29E+11,2020-04-01T00:00:00Z,8.01E+11,Usage,2020-04-08T00:00:00Z,2020-04-09T00:00:00Z,APS1-Event-64K-Chunks,PutEvents,,PutCrossAccountEvents,240,,,1.00E-06,0.00024,$1.00 per million EventBridge custom events received in Asia Pacific (Singapore),CloudWatch Events
536082,p5d32ulhmjoercmo7xk27gt2dnphyqbw2pfonx64dduw35ynipxq,455712485,AWS,Anniversary,8.29E+11,2020-04-01T00:00:00Z,8.01E+11,Usage,2020-04-23T00:00:00Z,2020-04-24T00:00:00Z,APS1-Event-64K-Chunks,PutEvents,,PutCrossAccountEvents,416,,,1.00E-06,0.000416,$1.00 per million EventBridge custom events received in Asia Pacific (Singapore),CloudWatch Events
540675,p5d32ulhmjoercmo7xk27gt2dnphyqbw2pfonx64dduw35ynipxq,455712485,AWS,Anniversary,8.29E+11,2020-04-01T00:00:00Z,8.01E+11,Usage,2020-04-04T00:00:00Z,2020-04-05T00:00:00Z,APS1-Event-64K-Chunks,PutEvents,,PutCrossAccountEvents,250,,,1.00E-06,0.00025,$1.00 per million EventBridge custom events received in Asia Pacific (Singapore),CloudWatch Events
543392,p5d32ulhmjoercmo7xk27gt2dnphyqbw2pfonx64dduw35ynipxq,455712485,AWS,Anniversary,8.29E+11,2020-04-01T00:00:00Z,8.01E+11,Usage,2020-04-20T00:00:00Z,2020-04-21T00:00:00Z,APS1-Event-64K-Chunks,PutEvents,,PutCrossAccountEvents,337,,,1.00E-06,0.000337,$1.00 per million EventBridge custom events received in Asia Pacific (Singapore),CloudWatch Events
543604,p5d32ulhmjoercmo7xk27gt2dnphyqbw2pfonx64dduw35ynipxq,455712485,AWS,Anniversary,8.29E+11,2020-04-01T00:00:00Z,8.01E+11,Usage,2020-04-25T00:00:00Z,2020-04-26T00:00:00Z,APS1-Event-64K-Chunks,PutEvents,,PutCrossAccountEvents,317,,,1.00E-06,0.000317,$1.00 per million EventBridge custom events received in Asia Pacific (Singapore),CloudWatch Events
545767,p5d32ulhmjoercmo7xk27gt2dnphyqbw2pfonx64dduw35ynipxq,455712485,AWS,Anniversary,8.29E+11,2020-04-01T00:00:00Z,8.01E+11,Usage,2020-04-14T00:00:00Z,2020-04-15T00:00:00Z,APS1-Event-64K-Chunks,PutEvents,,PutCrossAccountEvents,346,,,1.00E-06,0.000346,$1.00 per million EventBridge custom events received in Asia Pacific (Singapore),CloudWatch Events
546436,p5d32ulhmjoercmo7xk27gt2dnphyqbw2pfonx64dduw35ynipxq,455712485,AWS,Anniversary,8.29E+11,2020-04-01T00:00:00Z,8.01E+11,Usage,2020-04-01T00:00:00Z,2020-04-02T00:00:00Z,APS1-Event-64K-Chunks,PutEvents,,PutCrossAccountEvents,330,,,1.00E-06,0.00033,$1.00 per million EventBridge custom events received in Asia Pacific (Singapore),CloudWatch Events
547481,p5d32ulhmjoercmo7xk27gt2dnphyqbw2pfonx64dduw35ynipxq,455712485,AWS,Anniversary,8.29E+11,2020-04-01T00:00:00Z,8.01E+11,Usage,2020-04-02T00:00:00Z,2020-04-03T00:00:00Z,APS1-Event-64K-Chunks,PutEvents,,PutCrossAccountEvents,280,,,1.00E-06,0.00028,$1.00 per million EventBridge custom events received in Asia Pacific (Singapore),CloudWatch Events
548239,dltg5e2tcdwgwkku2ebli7jrgqhdht72ajs4rb7cyeioysdog2kq,455712485,AWS,Anniversary,8.29E+11,2020-04-01T00:00:00Z,5.61E+11,Usage,2020-04-24T00:00:00Z,2020-04-25T00:00:00Z,APS1-Event-64K-Chunks,PutEvents,,PutCrossAccountEvents,200,,,1.00E-06,0.0002,$1.00 per million EventBridge custom events received in Asia Pacific (Singapore),CloudWatch Events
548322,dltg5e2tcdwgwkku2ebli7jrgqhdht72ajs4rb7cyeioysdog2kq,455712485,AWS,Anniversary,8.29E+11,2020-04-01T00:00:00Z,5.61E+11,Usage,2020-04-12T00:00:00Z,2020-04-13T00:00:00Z,APS1-Event-64K-Chunks,PutEvents,,PutCrossAccountEvents,283,,,1.00E-06,0.000283,$1.00 per million EventBridge custom events received in Asia Pacific (Singapore),CloudWatch Events
549542,dltg5e2tcdwgwkku2ebli7jrgqhdht72ajs4rb7cyeioysdog2kq,455712485,AWS,Anniversary,8.29E+11,2020-04-01T00:00:00Z,5.61E+11,Usage,2020-04-26T00:00:00Z,2020-04-26T23:00:00Z,APS1-Event-64K-Chunks,PutEvents,,PutCrossAccountEvents,205,,,1.00E-06,0.000205,$1.00 per million EventBridge custom events received in Asia Pacific (Singapore),CloudWatch Events
554070,dltg5e2tcdwgwkku2ebli7jrgqhdht72ajs4rb7cyeioysdog2kq,455712485,AWS,Anniversary,8.29E+11,2020-04-01T00:00:00Z,5.61E+11,Usage,2020-04-23T00:00:00Z,2020-04-24T00:00:00Z,APS1-Event-64K-Chunks,PutEvents,,PutCrossAccountEvents,200,,,1.00E-06,0.0002,$1.00 per million EventBridge custom events received in Asia Pacific (Singapore),CloudWatch Events
555213,dltg5e2tcdwgwkku2ebli7jrgqhdht72ajs4rb7cyeioysdog2kq,455712485,AWS,Anniversary,8.29E+11,2020-04-01T00:00:00Z,5.61E+11,Usage,2020-04-13T00:00:00Z,2020-04-14T00:00:00Z,APS1-Event-64K-Chunks,PutEvents,,PutCrossAccountEvents,277,,,1.00E-06,0.000277,$1.00 per million EventBridge custom events received in Asia Pacific (Singapore),CloudWatch Events
555316,dltg5e2tcdwgwkku2ebli7jrgqhdht72ajs4rb7cyeioysdog2kq,455712485,AWS,Anniversary,8.29E+11,2020-04-01T00:00:00Z,5.61E+11,Usage,2020-04-17T00:00:00Z,2020-04-18T00:00:00Z,APS1-Event-64K-Chunks,PutEvents,,PutCrossAccountEvents,198,,,1.00E-06,0.000198,$1.00 per million EventBridge custom events received in Asia Pacific (Singapore),CloudWatch Events
568954,dltg5e2tcdwgwkku2ebli7jrgqhdht72ajs4rb7cyeioysdog2kq,455712485,AWS,Anniversary,8.29E+11,2020-04-01T00:00:00Z,5.61E+11,Usage,2020-04-29T00:00:00Z,2020-04-30T00:00:00Z,APS1-Event-64K-Chunks,PutEvents,,PutCrossAccountEvents,182,,,1.00E-06,0.000182,$1.00 per million EventBridge custom events received in Asia Pacific (Singapore),CloudWatch Events
571644,dltg5e2tcdwgwkku2ebli7jrgqhdht72ajs4rb7cyeioysdog2kq,455712485,AWS,Anniversary,8.29E+11,2020-04-01T00:00:00Z,5.61E+11,Usage,2020-04-21T00:00:00Z,2020-04-22T00:00:00Z,APS1-Event-64K-Chunks,PutEvents,,PutCrossAccountEvents,147,,,1.00E-06,0.000147,$1.00 per million EventBridge custom events received in Asia Pacific (Singapore),CloudWatch Events
577376,dltg5e2tcdwgwkku2ebli7jrgqhdht72ajs4rb7cyeioysdog2kq,455712485,AWS,Anniversary,8.29E+11,2020-04-01T00:00:00Z,5.61E+11,Usage,2020-04-09T16:00:00Z,2020-04-10T00:00:00Z,APS1-Event-64K-Chunks,PutEvents,,PutCrossAccountEvents,66,,,1.00E-06,6.60E-05,$1.00 per million EventBridge custom events received in Asia Pacific (Singapore),CloudWatch Events
577474,dltg5e2tcdwgwkku2ebli7jrgqhdht72ajs4rb7cyeioysdog2kq,455712485,AWS,Anniversary,8.29E+11,2020-04-01T00:00:00Z,5.61E+11,Usage,2020-04-18T00:00:00Z,2020-04-19T00:00:00Z,APS1-Event-64K-Chunks,PutEvents,,PutCrossAccountEvents,199,,,1.00E-06,0.000199,$1.00 per million EventBridge custom events received in Asia Pacific (Singapore),CloudWatch Events
579544,dltg5e2tcdwgwkku2ebli7jrgqhdht72ajs4rb7cyeioysdog2kq,455712485,AWS,Anniversary,8.29E+11,2020-04-01T00:00:00Z,5.61E+11,Usage,2020-04-22T00:00:00Z,2020-04-23T00:00:00Z,APS1-Event-64K-Chunks,PutEvents,,PutCrossAccountEvents,238,,,1.00E-06,0.000238,$1.00 per million EventBridge custom events received in Asia Pacific (Singapore),CloudWatch Events
585968,dltg5e2tcdwgwkku2ebli7jrgqhdht72ajs4rb7cyeioysdog2kq,455712485,AWS,Anniversary,8.29E+11,2020-04-01T00:00:00Z,5.61E+11,Usage,2020-04-30T00:00:00Z,2020-05-01T00:00:00Z,APS1-Event-64K-Chunks,PutEvents,,PutCrossAccountEvents,249,,,1.00E-06,0.000249,$1.00 per million EventBridge custom events received in Asia Pacific (Singapore),CloudWatch Events
587337,dltg5e2tcdwgwkku2ebli7jrgqhdht72ajs4rb7cyeioysdog2kq,455712485,AWS,Anniversary,8.29E+11,2020-04-01T00:00:00Z,5.61E+11,Usage,2020-04-16T00:00:00Z,2020-04-17T00:00:00Z,APS1-Event-64K-Chunks,PutEvents,,PutCrossAccountEvents,265,,,1.00E-06,0.000265,$1.00 per million EventBridge custom events received in Asia Pacific (Singapore),CloudWatch Events
590389,dltg5e2tcdwgwkku2ebli7jrgqhdht72ajs4rb7cyeioysdog2kq,455712485,AWS,Anniversary,8.29E+11,2020-04-01T00:00:00Z,5.61E+11,Usage,2020-04-10T00:00:00Z,2020-04-11T00:00:00Z,APS1-Event-64K-Chunks,PutEvents,,PutCrossAccountEvents,290,,,1.00E-06,0.00029,$1.00 per million EventBridge custom events received in Asia Pacific (Singapore),CloudWatch Events
593362,dltg5e2tcdwgwkku2ebli7jrgqhdht72ajs4rb7cyeioysdog2kq,455712485,AWS,Anniversary,8.29E+11,2020-04-01T00:00:00Z,5.61E+11,Usage,2020-04-28T00:00:00Z,2020-04-28T23:00:00Z,APS1-Event-64K-Chunks,PutEvents,,PutCrossAccountEvents,160,,,1.00E-06,0.00016,$1.00 per million EventBridge custom events received in Asia Pacific (Singapore),CloudWatch Events
596496,dltg5e2tcdwgwkku2ebli7jrgqhdht72ajs4rb7cyeioysdog2kq,455712485,AWS,Anniversary,8.29E+11,2020-04-01T00:00:00Z,5.61E+11,Usage,2020-04-14T00:00:00Z,2020-04-15T00:00:00Z,APS1-Event-64K-Chunks,PutEvents,,PutCrossAccountEvents,187,,,1.00E-06,0.000187,$1.00 per million EventBridge custom events received in Asia Pacific (Singapore),CloudWatch Events
602845,dltg5e2tcdwgwkku2ebli7jrgqhdht72ajs4rb7cyeioysdog2kq,455712485,AWS,Anniversary,8.29E+11,2020-04-01T00:00:00Z,5.61E+11,Usage,2020-04-15T00:00:00Z,2020-04-16T00:00:00Z,APS1-Event-64K-Chunks,PutEvents,,PutCrossAccountEvents,244,,,1.00E-06,0.000244,$1.00 per million EventBridge custom events received in Asia Pacific (Singapore),CloudWatch Events
606406,dltg5e2tcdwgwkku2ebli7jrgqhdht72ajs4rb7cyeioysdog2kq,455712485,AWS,Anniversary,8.29E+11,2020-04-01T00:00:00Z,5.61E+11,Usage,2020-04-11T00:00:00Z,2020-04-12T00:00:00Z,APS1-Event-64K-Chunks,PutEvents,,PutCrossAccountEvents,225,,,1.00E-06,0.000225,$1.00 per million EventBridge custom events received in Asia Pacific (Singapore),CloudWatch Events
608629,dltg5e2tcdwgwkku2ebli7jrgqhdht72ajs4rb7cyeioysdog2kq,455712485,AWS,Anniversary,8.29E+11,2020-04-01T00:00:00Z,5.61E+11,Usage,2020-04-27T00:00:00Z,2020-04-28T00:00:00Z,APS1-Event-64K-Chunks,PutEvents,,PutCrossAccountEvents,238,,,1.00E-06,0.000238,$1.00 per million EventBridge custom events received in Asia Pacific (Singapore),CloudWatch Events
613698,dltg5e2tcdwgwkku2ebli7jrgqhdht72ajs4rb7cyeioysdog2kq,455712485,AWS,Anniversary,8.29E+11,2020-04-01T00:00:00Z,5.61E+11,Usage,2020-04-19T00:00:00Z,2020-04-20T00:00:00Z,APS1-Event-64K-Chunks,PutEvents,,PutCrossAccountEvents,159,,,1.00E-06,0.000159,$1.00 per million EventBridge custom events received in Asia Pacific (Singapore),CloudWatch Events
613997,dltg5e2tcdwgwkku2ebli7jrgqhdht72ajs4rb7cyeioysdog2kq,455712485,AWS,Anniversary,8.29E+11,2020-04-01T00:00:00Z,5.61E+11,Usage,2020-04-20T00:00:00Z,2020-04-21T00:00:00Z,APS1-Event-64K-Chunks,PutEvents,,PutCrossAccountEvents,184,,,1.00E-06,0.000184,$1.00 per million EventBridge custom events received in Asia Pacific (Singapore),CloudWatch Events
614239,dltg5e2tcdwgwkku2ebli7jrgqhdht72ajs4rb7cyeioysdog2kq,455712485,AWS,Anniversary,8.29E+11,2020-04-01T00:00:00Z,5.61E+11,Usage,2020-04-25T00:00:00Z,2020-04-26T00:00:00Z,APS1-Event-64K-Chunks,PutEvents,,PutCrossAccountEvents,151,,,1.00E-06,0.000151,$1.00 per million EventBridge custom events received in Asia Pacific (Singapore),CloudWatch Events
774540,we6fgi5ur2wrhn4sytejes6axkgrocddp6wfukmn6jjyyznxvw2q,455712485,AWS,Anniversary,8.29E+11,2020-04-01T00:00:00Z,1.94E+11,Usage,2020-04-28T02:00:00Z,2020-04-29T00:00:00Z,USW2-Event-64K-Chunks,PutEvents,,PutCrossAccountEvents,33,,,1.00E-06,3.30E-05,$1.00 per million EventBridge custom events received in US West (Oregon),CloudWatch Events
776492,we6fgi5ur2wrhn4sytejes6axkgrocddp6wfukmn6jjyyznxvw2q,455712485,AWS,Anniversary,8.29E+11,2020-04-01T00:00:00Z,1.94E+11,Usage,2020-04-27T04:00:00Z,2020-04-28T00:00:00Z,USW2-Event-64K-Chunks,PutEvents,,PutCrossAccountEvents,14,,,1.00E-06,1.40E-05,$1.00 per million EventBridge custom events received in US West (Oregon),CloudWatch Events
779740,we6fgi5ur2wrhn4sytejes6axkgrocddp6wfukmn6jjyyznxvw2q,455712485,AWS,Anniversary,8.29E+11,2020-04-01T00:00:00Z,1.94E+11,Usage,2020-04-30T14:00:00Z,2020-04-30T22:00:00Z,USW2-Event-64K-Chunks,PutEvents,,PutCrossAccountEvents,6,,,1.00E-06,6.00E-06,$1.00 per million EventBridge custom events received in US West (Oregon),CloudWatch Events
794537,we6fgi5ur2wrhn4sytejes6axkgrocddp6wfukmn6jjyyznxvw2q,455712485,AWS,Anniversary,8.29E+11,2020-04-01T00:00:00Z,1.94E+11,Usage,2020-04-29T02:00:00Z,2020-04-29T23:00:00Z,USW2-Event-64K-Chunks,PutEvents,,PutCrossAccountEvents,25,,,1.00E-06,2.50E-05,$1.00 per million EventBridge custom events received in US West (Oregon),CloudWatch Events
845100,ur5oaq3emctjsse6hyjcm65pbt4fn25dlkc4h5uuapyp4apmjx3q,455712485,AWS,Anniversary,8.29E+11,2020-04-01T00:00:00Z,5.05E+11,Usage,2020-04-15T00:00:00Z,2020-04-16T00:00:00Z,APS1-Event-64K-Chunks,PutEvents,,PutCrossAccountEvents,353,,,1.00E-06,0.000353,$1.00 per million EventBridge custom events received in Asia Pacific (Singapore),CloudWatch Events
847126,7z2wat5hmzaq26geqacivemlqvh7sylvz7jivyqjvbyy4rcoy6yq,455712485,AWS,Anniversary,8.29E+11,2020-04-01T00:00:00Z,5.05E+11,Usage,2020-04-13T14:00:00Z,2020-04-13T20:00:00Z,USE1-Event-64K-Chunks,PutEvents,,PutCrossAccountEvents,4,,,1.00E-06,4.00E-06,$1.00 per million EventBridge custom events received in US East (N. Virginia),CloudWatch Events
851747,ur5oaq3emctjsse6hyjcm65pbt4fn25dlkc4h5uuapyp4apmjx3q,455712485,AWS,Anniversary,8.29E+11,2020-04-01T00:00:00Z,5.05E+11,Usage,2020-04-19T00:00:00Z,2020-04-20T00:00:00Z,APS1-Event-64K-Chunks,PutEvents,,PutCrossAccountEvents,435,,,1.00E-06,0.000435,$1.00 per million EventBridge custom events received in Asia Pacific (Singapore),CloudWatch Events
852477,7z2wat5hmzaq26geqacivemlqvh7sylvz7jivyqjvbyy4rcoy6yq,455712485,AWS,Anniversary,8.29E+11,2020-04-01T00:00:00Z,5.05E+11,Usage,2020-04-21T09:00:00Z,2020-04-21T10:00:00Z,USE1-Event-64K-Chunks,PutEvents,,PutCrossAccountEvents,2,,,1.00E-06,2.00E-06,$1.00 per million EventBridge custom events received in US East (N. Virginia),CloudWatch Events
861948,ur5oaq3emctjsse6hyjcm65pbt4fn25dlkc4h5uuapyp4apmjx3q,455712485,AWS,Anniversary,8.29E+11,2020-04-01T00:00:00Z,5.05E+11,Usage,2020-04-11T00:00:00Z,2020-04-12T00:00:00Z,APS1-Event-64K-Chunks,PutEvents,,PutCrossAccountEvents,549,,,1.00E-06,0.000549,$1.00 per million EventBridge custom events received in Asia Pacific (Singapore),CloudWatch Events
867169,ur5oaq3emctjsse6hyjcm65pbt4fn25dlkc4h5uuapyp4apmjx3q,455712485,AWS,Anniversary,8.29E+11,2020-04-01T00:00:00Z,5.05E+11,Usage,2020-04-21T00:00:00Z,2020-04-22T00:00:00Z,APS1-Event-64K-Chunks,PutEvents,,PutCrossAccountEvents,464,,,1.00E-06,0.000464,$1.00 per million EventBridge custom events received in Asia Pacific (Singapore),CloudWatch Events
868822,7z2wat5hmzaq26geqacivemlqvh7sylvz7jivyqjvbyy4rcoy6yq,455712485,AWS,Anniversary,8.29E+11,2020-04-01T00:00:00Z,5.05E+11,Usage,2020-04-23T17:00:00Z,2020-04-23T20:00:00Z,USE1-Event-64K-Chunks,PutEvents,,PutCrossAccountEvents,6,,,1.00E-06,6.00E-06,$1.00 per million EventBridge custom events received in US East (N. Virginia),CloudWatch Events
869628,ur5oaq3emctjsse6hyjcm65pbt4fn25dlkc4h5uuapyp4apmjx3q,455712485,AWS,Anniversary,8.29E+11,2020-04-01T00:00:00Z,5.05E+11,Usage,2020-04-13T00:00:00Z,2020-04-14T00:00:00Z,APS1-Event-64K-Chunks,PutEvents,,PutCrossAccountEvents,477,,,1.00E-06,0.000477,$1.00 per million EventBridge custom events received in Asia Pacific (Singapore),CloudWatch Events
881212,ur5oaq3emctjsse6hyjcm65pbt4fn25dlkc4h5uuapyp4apmjx3q,455712485,AWS,Anniversary,8.29E+11,2020-04-01T00:00:00Z,5.05E+11,Usage,2020-04-22T00:00:00Z,2020-04-23T00:00:00Z,APS1-Event-64K-Chunks,PutEvents,,PutCrossAccountEvents,441,,,1.00E-06,0.000441,$1.00 per million EventBridge custom events received in Asia Pacific (Singapore),CloudWatch Events
882141,ur5oaq3emctjsse6hyjcm65pbt4fn25dlkc4h5uuapyp4apmjx3q,455712485,AWS,Anniversary,8.29E+11,2020-04-01T00:00:00Z,5.05E+11,Usage,2020-04-20T00:00:00Z,2020-04-21T00:00:00Z,APS1-Event-64K-Chunks,PutEvents,,PutCrossAccountEvents,500,,,1.00E-06,0.0005,$1.00 per million EventBridge custom events received in Asia Pacific (Singapore),CloudWatch Events
882224,ur5oaq3emctjsse6hyjcm65pbt4fn25dlkc4h5uuapyp4apmjx3q,455712485,AWS,Anniversary,8.29E+11,2020-04-01T00:00:00Z,5.05E+11,Usage,2020-04-10T00:00:00Z,2020-04-11T00:00:00Z,APS1-Event-64K-Chunks,PutEvents,,PutCrossAccountEvents,431,,,1.00E-06,0.000431,$1.00 per million EventBridge custom events received in Asia Pacific (Singapore),CloudWatch Events
891387,7z2wat5hmzaq26geqacivemlqvh7sylvz7jivyqjvbyy4rcoy6yq,455712485,AWS,Anniversary,8.29E+11,2020-04-01T00:00:00Z,5.05E+11,Usage,2020-04-19T00:00:00Z,2020-04-19T01:00:00Z,USE1-Event-64K-Chunks,PutEvents,,PutCrossAccountEvents,4,,,1.00E-06,4.00E-06,$1.00 per million EventBridge custom events received in US East (N. Virginia),CloudWatch Events
891636,ur5oaq3emctjsse6hyjcm65pbt4fn25dlkc4h5uuapyp4apmjx3q,455712485,AWS,Anniversary,8.29E+11,2020-04-01T00:00:00Z,5.05E+11,Usage,2020-04-09T16:00:00Z,2020-04-10T00:00:00Z,APS1-Event-64K-Chunks,PutEvents,,PutCrossAccountEvents,98,,,1.00E-06,9.80E-05,$1.00 per million EventBridge custom events received in Asia Pacific (Singapore),CloudWatch Events
894709,ur5oaq3emctjsse6hyjcm65pbt4fn25dlkc4h5uuapyp4apmjx3q,455712485,AWS,Anniversary,8.29E+11,2020-04-01T00:00:00Z,5.05E+11,Usage,2020-04-17T00:00:00Z,2020-04-18T00:00:00Z,APS1-Event-64K-Chunks,PutEvents,,PutCrossAccountEvents,456,,,1.00E-06,0.000456,$1.00 per million EventBridge custom events received in Asia Pacific (Singapore),CloudWatch Events
894932,ur5oaq3emctjsse6hyjcm65pbt4fn25dlkc4h5uuapyp4apmjx3q,455712485,AWS,Anniversary,8.29E+11,2020-04-01T00:00:00Z,5.05E+11,Usage,2020-04-14T00:00:00Z,2020-04-15T00:00:00Z,APS1-Event-64K-Chunks,PutEvents,,PutCrossAccountEvents,420,,,1.00E-06,0.00042,$1.00 per million EventBridge custom events received in Asia Pacific (Singapore),CloudWatch Events
901415,7z2wat5hmzaq26geqacivemlqvh7sylvz7jivyqjvbyy4rcoy6yq,455712485,AWS,Anniversary,8.29E+11,2020-04-01T00:00:00Z,5.05E+11,Usage,2020-04-25T06:00:00Z,2020-04-25T09:00:00Z,USE1-Event-64K-Chunks,PutEvents,,PutCrossAccountEvents,4,,,1.00E-06,4.00E-06,$1.00 per million EventBridge custom events received in US East (N. Virginia),CloudWatch Events
906916,7z2wat5hmzaq26geqacivemlqvh7sylvz7jivyqjvbyy4rcoy6yq,455712485,AWS,Anniversary,8.29E+11,2020-04-01T00:00:00Z,5.05E+11,Usage,2020-04-24T11:00:00Z,2020-04-24T12:00:00Z,USE1-Event-64K-Chunks,PutEvents,,PutCrossAccountEvents,2,,,1.00E-06,2.00E-06,$1.00 per million EventBridge custom events received in US East (N. Virginia),CloudWatch Events
910375,7z2wat5hmzaq26geqacivemlqvh7sylvz7jivyqjvbyy4rcoy6yq,455712485,AWS,Anniversary,8.29E+11,2020-04-01T00:00:00Z,5.05E+11,Usage,2020-04-20T22:00:00Z,2020-04-20T23:00:00Z,USE1-Event-64K-Chunks,PutEvents,,PutCrossAccountEvents,2,,,1.00E-06,2.00E-06,$1.00 per million EventBridge custom events received in US East (N. Virginia),CloudWatch Events
912750,7z2wat5hmzaq26geqacivemlqvh7sylvz7jivyqjvbyy4rcoy6yq,455712485,AWS,Anniversary,8.29E+11,2020-04-01T00:00:00Z,5.05E+11,Usage,2020-04-27T00:00:00Z,2020-04-27T01:00:00Z,USE1-Event-64K-Chunks,PutEvents,,PutCrossAccountEvents,2,,,1.00E-06,2.00E-06,$1.00 per million EventBridge custom events received in US East (N. Virginia),CloudWatch Events
912981,ur5oaq3emctjsse6hyjcm65pbt4fn25dlkc4h5uuapyp4apmjx3q,455712485,AWS,Anniversary,8.29E+11,2020-04-01T00:00:00Z,5.05E+11,Usage,2020-04-24T00:00:00Z,2020-04-25T00:00:00Z,APS1-Event-64K-Chunks,PutEvents,,PutCrossAccountEvents,403,,,1.00E-06,0.000403,$1.00 per million EventBridge custom events received in Asia Pacific (Singapore),CloudWatch Events
918266,ur5oaq3emctjsse6hyjcm65pbt4fn25dlkc4h5uuapyp4apmjx3q,455712485,AWS,Anniversary,8.29E+11,2020-04-01T00:00:00Z,5.05E+11,Usage,2020-04-26T00:00:00Z,2020-04-27T00:00:00Z,APS1-Event-64K-Chunks,PutEvents,,PutCrossAccountEvents,413,,,1.00E-06,0.000413,$1.00 per million EventBridge custom events received in Asia Pacific (Singapore),CloudWatch Events
921996,ur5oaq3emctjsse6hyjcm65pbt4fn25dlkc4h5uuapyp4apmjx3q,455712485,AWS,Anniversary,8.29E+11,2020-04-01T00:00:00Z,5.05E+11,Usage,2020-04-16T00:00:00Z,2020-04-17T00:00:00Z,APS1-Event-64K-Chunks,PutEvents,,PutCrossAccountEvents,459,,,1.00E-06,0.000459,$1.00 per million EventBridge custom events received in Asia Pacific (Singapore),CloudWatch Events
925589,ur5oaq3emctjsse6hyjcm65pbt4fn25dlkc4h5uuapyp4apmjx3q,455712485,AWS,Anniversary,8.29E+11,2020-04-01T00:00:00Z,5.05E+11,Usage,2020-04-18T00:00:00Z,2020-04-19T00:00:00Z,APS1-Event-64K-Chunks,PutEvents,,PutCrossAccountEvents,496,,,1.00E-06,0.000496,$1.00 per million EventBridge custom events received in Asia Pacific (Singapore),CloudWatch Events
936991,ur5oaq3emctjsse6hyjcm65pbt4fn25dlkc4h5uuapyp4apmjx3q,455712485,AWS,Anniversary,8.29E+11,2020-04-01T00:00:00Z,5.05E+11,Usage,2020-04-23T00:00:00Z,2020-04-24T00:00:00Z,APS1-Event-64K-Chunks,PutEvents,,PutCrossAccountEvents,505,,,1.00E-06,0.000505,$1.00 per million EventBridge custom events received in Asia Pacific (Singapore),CloudWatch Events
939888,ur5oaq3emctjsse6hyjcm65pbt4fn25dlkc4h5uuapyp4apmjx3q,455712485,AWS,Anniversary,8.29E+11,2020-04-01T00:00:00Z,5.05E+11,Usage,2020-04-25T00:00:00Z,2020-04-26T00:00:00Z,APS1-Event-64K-Chunks,PutEvents,,PutCrossAccountEvents,385,,,1.00E-06,0.000385,$1.00 per million EventBridge custom events received in Asia Pacific (Singapore),CloudWatch Events
949424,ur5oaq3emctjsse6hyjcm65pbt4fn25dlkc4h5uuapyp4apmjx3q,455712485,AWS,Anniversary,8.29E+11,2020-04-01T00:00:00Z,5.05E+11,Usage,2020-04-12T00:00:00Z,2020-04-13T00:00:00Z,APS1-Event-64K-Chunks,PutEvents,,PutCrossAccountEvents,476,,,1.00E-06,0.000476,$1.00 per million EventBridge custom events received in Asia Pacific (Singapore),CloudWatch Events
952305,ur5oaq3emctjsse6hyjcm65pbt4fn25dlkc4h5uuapyp4apmjx3q,455712485,AWS,Anniversary,8.29E+11,2020-04-01T00:00:00Z,5.05E+11,Usage,2020-04-27T00:00:00Z,2020-04-28T00:00:00Z,APS1-Event-64K-Chunks,PutEvents,,PutCrossAccountEvents,444,,,1.00E-06,0.000444,$1.00 per million EventBridge custom events received in Asia Pacific (Singapore),CloudWatch Events
957774,yjpcxdsmvoj6uncrxg3ugf2gqh32eal6qt5fpg2w6iir6hwedvrq,448347945,AWS Marketplace,Anniversary,8.29E+11,2020-04-01T00:00:00Z,4.93E+11,Usage,2020-04-26T00:00:00Z,2020-04-27T00:00:00Z,APS1-SoftwareUsage:c4.xlarge,Hourly,ap-southeast-1b,arn:aws:ec2:ap-southeast-1:492586220856:instance/i-034dbb99bd90b212f,24,,,0.55,13.2,AWS Marketplace hourly software usage|ap-southeast-1|c4.xlarge,vSRX Next Generation Firewall
957775,yjpcxdsmvoj6uncrxg3ugf2gqh32eal6qt5fpg2w6iir6hwedvrq,448347945,AWS Marketplace,Anniversary,8.29E+11,2020-04-01T00:00:00Z,4.93E+11,Usage,2020-04-09T00:00:00Z,2020-04-10T00:00:00Z,APS1-SoftwareUsage:c4.xlarge,Hourly,ap-southeast-1b,arn:aws:ec2:ap-southeast-1:492586220856:instance/i-034dbb99bd90b212f,24,,,0.55,13.2,AWS Marketplace hourly software usage|ap-southeast-1|c4.xlarge,vSRX Next Generation Firewall
957776,yjpcxdsmvoj6uncrxg3ugf2gqh32eal6qt5fpg2w6iir6hwedvrq,448347945,AWS Marketplace,Anniversary,8.29E+11,2020-04-01T00:00:00Z,4.93E+11,Usage,2020-04-15T00:00:00Z,2020-04-16T00:00:00Z,APS1-SoftwareUsage:c4.xlarge,Hourly,ap-southeast-1b,arn:aws:ec2:ap-southeast-1:492586220856:instance/i-034dbb99bd90b212f,24,,,0.55,13.2,AWS Marketplace hourly software usage|ap-southeast-1|c4.xlarge,vSRX Next Generation Firewall
957777,yjpcxdsmvoj6uncrxg3ugf2gqh32eal6qt5fpg2w6iir6hwedvrq,448347945,AWS Marketplace,Anniversary,8.29E+11,2020-04-01T00:00:00Z,4.93E+11,Usage,2020-04-11T00:00:00Z,2020-04-12T00:00:00Z,APS1-SoftwareUsage:c4.xlarge,Hourly,ap-southeast-1b,arn:aws:ec2:ap-southeast-1:492586220856:instance/i-034dbb99bd90b212f,24,,,0.55,13.2,AWS Marketplace hourly software usage|ap-southeast-1|c4.xlarge,vSRX Next Generation Firewall
957778,yjpcxdsmvoj6uncrxg3ugf2gqh32eal6qt5fpg2w6iir6hwedvrq,448347945,AWS Marketplace,Anniversary,8.29E+11,2020-04-01T00:00:00Z,4.93E+11,Usage,2020-04-25T00:00:00Z,2020-04-26T00:00:00Z,APS1-SoftwareUsage:c4.xlarge,Hourly,ap-southeast-1b,arn:aws:ec2:ap-southeast-1:492586220856:instance/i-034dbb99bd90b212f,24,,,0.55,13.2,AWS Marketplace hourly software usage|ap-southeast-1|c4.xlarge,vSRX Next Generation Firewall
957779,yjpcxdsmvoj6uncrxg3ugf2gqh32eal6qt5fpg2w6iir6hwedvrq,448347945,AWS Marketplace,Anniversary,8.29E+11,2020-04-01T00:00:00Z,4.93E+11,Usage,2020-04-20T00:00:00Z,2020-04-21T00:00:00Z,APS1-SoftwareUsage:c4.xlarge,Hourly,ap-southeast-1b,arn:aws:ec2:ap-southeast-1:492586220856:instance/i-034dbb99bd90b212f,24,,,0.55,13.2,AWS Marketplace hourly software usage|ap-southeast-1|c4.xlarge,vSRX Next Generation Firewall
957780,yvdhwyl4ti3awyamz226mjmed2jdk3zwppba3umanhoqacov3kjq,448347945,AWS Marketplace,Anniversary,8.29E+11,2020-04-01T00:00:00Z,4.93E+11,Usage,2020-04-30T00:00:00Z,2020-05-01T00:00:00Z,APS1-SoftwareUsage:c4.xlarge,Hourly,ap-southeast-1a,arn:aws:ec2:ap-southeast-1:492586220856:instance/i-0cc588532c8e67257,24,,,0.55,13.2,AWS Marketplace hourly software usage|ap-southeast-1|c4.xlarge,vSRX Next Generation Firewall
957781,yvdhwyl4ti3awyamz226mjmed2jdk3zwppba3umanhoqacov3kjq,448347945,AWS Marketplace,Anniversary,8.29E+11,2020-04-01T00:00:00Z,4.93E+11,Usage,2020-04-16T00:00:00Z,2020-04-17T00:00:00Z,APS1-SoftwareUsage:c4.xlarge,Hourly,ap-southeast-1a,arn:aws:ec2:ap-southeast-1:492586220856:instance/i-0cc588532c8e67257,24,,,0.55,13.2,AWS Marketplace hourly software usage|ap-southeast-1|c4.xlarge,vSRX Next Generation Firewall
957782,yvdhwyl4ti3awyamz226mjmed2jdk3zwppba3umanhoqacov3kjq,448347945,AWS Marketplace,Anniversary,8.29E+11,2020-04-01T00:00:00Z,4.93E+11,Usage,2020-04-08T00:00:00Z,2020-04-09T00:00:00Z,APS1-SoftwareUsage:c4.xlarge,Hourly,ap-southeast-1a,arn:aws:ec2:ap-southeast-1:492586220856:instance/i-0cc588532c8e67257,24,,,0.55,13.2,AWS Marketplace hourly software usage|ap-southeast-1|c4.xlarge,vSRX Next Generation Firewall
957783,yjpcxdsmvoj6uncrxg3ugf2gqh32eal6qt5fpg2w6iir6hwedvrq,448347945,AWS Marketplace,Anniversary,8.29E+11,2020-04-01T00:00:00Z,4.93E+11,Usage,2020-04-18T00:00:00Z,2020-04-19T00:00:00Z,APS1-SoftwareUsage:c4.xlarge,Hourly,ap-southeast-1b,arn:aws:ec2:ap-southeast-1:492586220856:instance/i-034dbb99bd90b212f,24,,,0.55,13.2,AWS Marketplace hourly software usage|ap-southeast-1|c4.xlarge,vSRX Next Generation Firewall
957784,yvdhwyl4ti3awyamz226mjmed2jdk3zwppba3umanhoqacov3kjq,448347945,AWS Marketplace,Anniversary,8.29E+11,2020-04-01T00:00:00Z,4.93E+11,Usage,2020-04-09T00:00:00Z,2020-04-10T00:00:00Z,APS1-SoftwareUsage:c4.xlarge,Hourly,ap-southeast-1a,arn:aws:ec2:ap-southeast-1:492586220856:instance/i-0cc588532c8e67257,24,,,0.55,13.2,AWS Marketplace hourly software usage|ap-southeast-1|c4.xlarge,vSRX Next Generation Firewall
957785,yvdhwyl4ti3awyamz226mjmed2jdk3zwppba3umanhoqacov3kjq,448347945,AWS Marketplace,Anniversary,8.29E+11,2020-04-01T00:00:00Z,4.93E+11,Usage,2020-04-26T00:00:00Z,2020-04-27T00:00:00Z,APS1-SoftwareUsage:c4.xlarge,Hourly,ap-southeast-1a,arn:aws:ec2:ap-southeast-1:492586220856:instance/i-0cc588532c8e67257,24,,,0.55,13.2,AWS Marketplace hourly software usage|ap-southeast-1|c4.xlarge,vSRX Next Generation Firewall
957786,yjpcxdsmvoj6uncrxg3ugf2gqh32eal6qt5fpg2w6iir6hwedvrq,448347945,AWS Marketplace,Anniversary,8.29E+11,2020-04-01T00:00:00Z,4.93E+11,Usage,2020-04-14T00:00:00Z,2020-04-15T00:00:00Z,APS1-SoftwareUsage:c4.xlarge,Hourly,ap-southeast-1b,arn:aws:ec2:ap-southeast-1:492586220856:instance/i-034dbb99bd90b212f,24,,,0.55,13.2,AWS Marketplace hourly software usage|ap-southeast-1|c4.xlarge,vSRX Next Generation Firewall
957787,yvdhwyl4ti3awyamz226mjmed2jdk3zwppba3umanhoqacov3kjq,448347945,AWS Marketplace,Anniversary,8.29E+11,2020-04-01T00:00:00Z,4.93E+11,Usage,2020-04-28T00:00:00Z,2020-04-29T00:00:00Z,APS1-SoftwareUsage:c4.xlarge,Hourly,ap-southeast-1a,arn:aws:ec2:ap-southeast-1:492586220856:instance/i-0cc588532c8e67257,24,,,0.55,13.2,AWS Marketplace hourly software usage|ap-southeast-1|c4.xlarge,vSRX Next Generation Firewall
957788,yvdhwyl4ti3awyamz226mjmed2jdk3zwppba3umanhoqacov3kjq,448347945,AWS Marketplace,Anniversary,8.29E+11,2020-04-01T00:00:00Z,4.93E+11,Usage,2020-04-12T00:00:00Z,2020-04-13T00:00:00Z,APS1-SoftwareUsage:c4.xlarge,Hourly,ap-southeast-1a,arn:aws:ec2:ap-southeast-1:492586220856:instance/i-0cc588532c8e67257,24,,,0.55,13.2,AWS Marketplace hourly software usage|ap-southeast-1|c4.xlarge,vSRX Next Generation Firewall
957789,yvdhwyl4ti3awyamz226mjmed2jdk3zwppba3umanhoqacov3kjq,448347945,AWS Marketplace,Anniversary,8.29E+11,2020-04-01T00:00:00Z,4.93E+11,Usage,2020-04-04T00:00:00Z,2020-04-05T00:00:00Z,APS1-SoftwareUsage:c4.xlarge,Hourly,ap-southeast-1a,arn:aws:ec2:ap-southeast-1:492586220856:instance/i-0cc588532c8e67257,24,,,0.55,13.2,AWS Marketplace hourly software usage|ap-southeast-1|c4.xlarge,vSRX Next Generation Firewall
957790,yjpcxdsmvoj6uncrxg3ugf2gqh32eal6qt5fpg2w6iir6hwedvrq,448347945,AWS Marketplace,Anniversary,8.29E+11,2020-04-01T00:00:00Z,4.93E+11,Usage,2020-04-07T00:00:00Z,2020-04-08T00:00:00Z,APS1-SoftwareUsage:c4.xlarge,Hourly,ap-southeast-1b,arn:aws:ec2:ap-southeast-1:492586220856:instance/i-034dbb99bd90b212f,24,,,0.55,13.2,AWS Marketplace hourly software usage|ap-southeast-1|c4.xlarge,vSRX Next Generation Firewall
957791,yjpcxdsmvoj6uncrxg3ugf2gqh32eal6qt5fpg2w6iir6hwedvrq,448347945,AWS Marketplace,Anniversary,8.29E+11,2020-04-01T00:00:00Z,4.93E+11,Usage,2020-04-02T00:00:00Z,2020-04-03T00:00:00Z,APS1-SoftwareUsage:c4.xlarge,Hourly,ap-southeast-1b,arn:aws:ec2:ap-southeast-1:492586220856:instance/i-034dbb99bd90b212f,24,,,0.55,13.2,AWS Marketplace hourly software usage|ap-southeast-1|c4.xlarge,vSRX Next Generation Firewall
957792,yjpcxdsmvoj6uncrxg3ugf2gqh32eal6qt5fpg2w6iir6hwedvrq,448347945,AWS Marketplace,Anniversary,8.29E+11,2020-04-01T00:00:00Z,4.93E+11,Usage,2020-04-04T00:00:00Z,2020-04-05T00:00:00Z,APS1-SoftwareUsage:c4.xlarge,Hourly,ap-southeast-1b,arn:aws:ec2:ap-southeast-1:492586220856:instance/i-034dbb99bd90b212f,24,,,0.55,13.2,AWS Marketplace hourly software usage|ap-southeast-1|c4.xlarge,vSRX Next Generation Firewall
957793,yjpcxdsmvoj6uncrxg3ugf2gqh32eal6qt5fpg2w6iir6hwedvrq,448347945,AWS Marketplace,Anniversary,8.29E+11,2020-04-01T00:00:00Z,4.93E+11,Usage,2020-04-24T00:00:00Z,2020-04-25T00:00:00Z,APS1-SoftwareUsage:c4.xlarge,Hourly,ap-southeast-1b,arn:aws:ec2:ap-southeast-1:492586220856:instance/i-034dbb99bd90b212f,24,,,0.55,13.2,AWS Marketplace hourly software usage|ap-southeast-1|c4.xlarge,vSRX Next Generation Firewall
957794,yvdhwyl4ti3awyamz226mjmed2jdk3zwppba3umanhoqacov3kjq,448347945,AWS Marketplace,Anniversary,8.29E+11,2020-04-01T00:00:00Z,4.93E+11,Usage,2020-04-06T00:00:00Z,2020-04-07T00:00:00Z,APS1-SoftwareUsage:c4.xlarge,Hourly,ap-southeast-1a,arn:aws:ec2:ap-southeast-1:492586220856:instance/i-0cc588532c8e67257,24,,,0.55,13.2,AWS Marketplace hourly software usage|ap-southeast-1|c4.xlarge,vSRX Next Generation Firewall
957795,yvdhwyl4ti3awyamz226mjmed2jdk3zwppba3umanhoqacov3kjq,448347945,AWS Marketplace,Anniversary,8.29E+11,2020-04-01T00:00:00Z,4.93E+11,Usage,2020-04-10T00:00:00Z,2020-04-11T00:00:00Z,APS1-SoftwareUsage:c4.xlarge,Hourly,ap-southeast-1a,arn:aws:ec2:ap-southeast-1:492586220856:instance/i-0cc588532c8e67257,24,,,0.55,13.2,AWS Marketplace hourly software usage|ap-southeast-1|c4.xlarge,vSRX Next Generation Firewall
957796,yjpcxdsmvoj6uncrxg3ugf2gqh32eal6qt5fpg2w6iir6hwedvrq,448347945,AWS Marketplace,Anniversary,8.29E+11,2020-04-01T00:00:00Z,4.93E+11,Usage,2020-04-21T00:00:00Z,2020-04-22T00:00:00Z,APS1-SoftwareUsage:c4.xlarge,Hourly,ap-southeast-1b,arn:aws:ec2:ap-southeast-1:492586220856:instance/i-034dbb99bd90b212f,24,,,0.55,13.2,AWS Marketplace hourly software usage|ap-southeast-1|c4.xlarge,vSRX Next Generation Firewall
957797,yjpcxdsmvoj6uncrxg3ugf2gqh32eal6qt5fpg2w6iir6hwedvrq,448347945,AWS Marketplace,Anniversary,8.29E+11,2020-04-01T00:00:00Z,4.93E+11,Usage,2020-04-01T00:00:00Z,2020-04-02T00:00:00Z,APS1-SoftwareUsage:c4.xlarge,Hourly,ap-southeast-1b,arn:aws:ec2:ap-southeast-1:492586220856:instance/i-034dbb99bd90b212f,24,,,0.55,13.2,AWS Marketplace hourly software usage|ap-southeast-1|c4.xlarge,vSRX Next Generation Firewall
957798,yvdhwyl4ti3awyamz226mjmed2jdk3zwppba3umanhoqacov3kjq,448347945,AWS Marketplace,Anniversary,8.29E+11,2020-04-01T00:00:00Z,4.93E+11,Usage,2020-04-29T00:00:00Z,2020-04-30T00:00:00Z,APS1-SoftwareUsage:c4.xlarge,Hourly,ap-southeast-1a,arn:aws:ec2:ap-southeast-1:492586220856:instance/i-0cc588532c8e67257,24,,,0.55,13.2,AWS Marketplace hourly software usage|ap-southeast-1|c4.xlarge,vSRX Next Generation Firewall
957799,yvdhwyl4ti3awyamz226mjmed2jdk3zwppba3umanhoqacov3kjq,448347945,AWS Marketplace,Anniversary,8.29E+11,2020-04-01T00:00:00Z,4.93E+11,Usage,2020-04-14T00:00:00Z,2020-04-15T00:00:00Z,APS1-SoftwareUsage:c4.xlarge,Hourly,ap-southeast-1a,arn:aws:ec2:ap-southeast-1:492586220856:instance/i-0cc588532c8e67257,24,,,0.55,13.2,AWS Marketplace hourly software usage|ap-southeast-1|c4.xlarge,vSRX Next Generation Firewall
957800,yjpcxdsmvoj6uncrxg3ugf2gqh32eal6qt5fpg2w6iir6hwedvrq,448347945,AWS Marketplace,Anniversary,8.29E+11,2020-04-01T00:00:00Z,4.93E+11,Usage,2020-04-03T00:00:00Z,2020-04-04T00:00:00Z,APS1-SoftwareUsage:c4.xlarge,Hourly,ap-southeast-1b,arn:aws:ec2:ap-southeast-1:492586220856:instance/i-034dbb99bd90b212f,24,,,0.55,13.2,AWS Marketplace hourly software usage|ap-southeast-1|c4.xlarge,vSRX Next Generation Firewall
957801,yjpcxdsmvoj6uncrxg3ugf2gqh32eal6qt5fpg2w6iir6hwedvrq,448347945,AWS Marketplace,Anniversary,8.29E+11,2020-04-01T00:00:00Z,4.93E+11,Usage,2020-04-06T00:00:00Z,2020-04-07T00:00:00Z,APS1-SoftwareUsage:c4.xlarge,Hourly,ap-southeast-1b,arn:aws:ec2:ap-southeast-1:492586220856:instance/i-034dbb99bd90b212f,24,,,0.55,13.2,AWS Marketplace hourly software usage|ap-southeast-1|c4.xlarge,vSRX Next Generation Firewall
957802,yvdhwyl4ti3awyamz226mjmed2jdk3zwppba3umanhoqacov3kjq,448347945,AWS Marketplace,Anniversary,8.29E+11,2020-04-01T00:00:00Z,4.93E+11,Usage,2020-04-25T00:00:00Z,2020-04-26T00:00:00Z,APS1-SoftwareUsage:c4.xlarge,Hourly,ap-southeast-1a,arn:aws:ec2:ap-southeast-1:492586220856:instance/i-0cc588532c8e67257,24,,,0.55,13.2,AWS Marketplace hourly software usage|ap-southeast-1|c4.xlarge,vSRX Next Generation Firewall
957803,yjpcxdsmvoj6uncrxg3ugf2gqh32eal6qt5fpg2w6iir6hwedvrq,448347945,AWS Marketplace,Anniversary,8.29E+11,2020-04-01T00:00:00Z,4.93E+11,Usage,2020-04-12T00:00:00Z,2020-04-13T00:00:00Z,APS1-SoftwareUsage:c4.xlarge,Hourly,ap-southeast-1b,arn:aws:ec2:ap-southeast-1:492586220856:instance/i-034dbb99bd90b212f,24,,,0.55,13.2,AWS Marketplace hourly software usage|ap-southeast-1|c4.xlarge,vSRX Next Generation Firewall
957804,yjpcxdsmvoj6uncrxg3ugf2gqh32eal6qt5fpg2w6iir6hwedvrq,448347945,AWS Marketplace,Anniversary,8.29E+11,2020-04-01T00:00:00Z,4.93E+11,Usage,2020-04-16T00:00:00Z,2020-04-17T00:00:00Z,APS1-SoftwareUsage:c4.xlarge,Hourly,ap-southeast-1b,arn:aws:ec2:ap-southeast-1:492586220856:instance/i-034dbb99bd90b212f,24,,,0.55,13.2,AWS Marketplace hourly software usage|ap-southeast-1|c4.xlarge,vSRX Next Generation Firewall
957805,yvdhwyl4ti3awyamz226mjmed2jdk3zwppba3umanhoqacov3kjq,448347945,AWS Marketplace,Anniversary,8.29E+11,2020-04-01T00:00:00Z,4.93E+11,Usage,2020-04-20T00:00:00Z,2020-04-21T00:00:00Z,APS1-SoftwareUsage:c4.xlarge,Hourly,ap-southeast-1a,arn:aws:ec2:ap-southeast-1:492586220856:instance/i-0cc588532c8e67257,24,,,0.55,13.2,AWS Marketplace hourly software usage|ap-southeast-1|c4.xlarge,vSRX Next Generation Firewall
957806,yvdhwyl4ti3awyamz226mjmed2jdk3zwppba3umanhoqacov3kjq,448347945,AWS Marketplace,Anniversary,8.29E+11,2020-04-01T00:00:00Z,4.93E+11,Usage,2020-04-01T00:00:00Z,2020-04-02T00:00:00Z,APS1-SoftwareUsage:c4.xlarge,Hourly,ap-southeast-1a,arn:aws:ec2:ap-southeast-1:492586220856:instance/i-0cc588532c8e67257,24,,,0.55,13.2,AWS Marketplace hourly software usage|ap-southeast-1|c4.xlarge,vSRX Next Generation Firewall
957807,yjpcxdsmvoj6uncrxg3ugf2gqh32eal6qt5fpg2w6iir6hwedvrq,448347945,AWS Marketplace,Anniversary,8.29E+11,2020-04-01T00:00:00Z,4.93E+11,Usage,2020-04-27T00:00:00Z,2020-04-28T00:00:00Z,APS1-SoftwareUsage:c4.xlarge,Hourly,ap-southeast-1b,arn:aws:ec2:ap-southeast-1:492586220856:instance/i-034dbb99bd90b212f,24,,,0.55,13.2,AWS Marketplace hourly software usage|ap-southeast-1|c4.xlarge,vSRX Next Generation Firewall
957808,yvdhwyl4ti3awyamz226mjmed2jdk3zwppba3umanhoqacov3kjq,448347945,AWS Marketplace,Anniversary,8.29E+11,2020-04-01T00:00:00Z,4.93E+11,Usage,2020-04-15T00:00:00Z,2020-04-16T00:00:00Z,APS1-SoftwareUsage:c4.xlarge,Hourly,ap-southeast-1a,arn:aws:ec2:ap-southeast-1:492586220856:instance/i-0cc588532c8e67257,24,,,0.55,13.2,AWS Marketplace hourly software usage|ap-southeast-1|c4.xlarge,vSRX Next Generation Firewall
957809,yvdhwyl4ti3awyamz226mjmed2jdk3zwppba3umanhoqacov3kjq,448347945,AWS Marketplace,Anniversary,8.29E+11,2020-04-01T00:00:00Z,4.93E+11,Usage,2020-04-23T00:00:00Z,2020-04-24T00:00:00Z,APS1-SoftwareUsage:c4.xlarge,Hourly,ap-southeast-1a,arn:aws:ec2:ap-southeast-1:492586220856:instance/i-0cc588532c8e67257,24,,,0.55,13.2,AWS Marketplace hourly software usage|ap-southeast-1|c4.xlarge,vSRX Next Generation Firewall
957810,yvdhwyl4ti3awyamz226mjmed2jdk3zwppba3umanhoqacov3kjq,448347945,AWS Marketplace,Anniversary,8.29E+11,2020-04-01T00:00:00Z,4.93E+11,Usage,2020-04-19T00:00:00Z,2020-04-20T00:00:00Z,APS1-SoftwareUsage:c4.xlarge,Hourly,ap-southeast-1a,arn:aws:ec2:ap-southeast-1:492586220856:instance/i-0cc588532c8e67257,24,,,0.55,13.2,AWS Marketplace hourly software usage|ap-southeast-1|c4.xlarge,vSRX Next Generation Firewall
957811,yjpcxdsmvoj6uncrxg3ugf2gqh32eal6qt5fpg2w6iir6hwedvrq,448347945,AWS Marketplace,Anniversary,8.29E+11,2020-04-01T00:00:00Z,4.93E+11,Usage,2020-04-29T00:00:00Z,2020-04-30T00:00:00Z,APS1-SoftwareUsage:c4.xlarge,Hourly,ap-southeast-1b,arn:aws:ec2:ap-southeast-1:492586220856:instance/i-034dbb99bd90b212f,24,,,0.55,13.2,AWS Marketplace hourly software usage|ap-southeast-1|c4.xlarge,vSRX Next Generation Firewall
957812,yvdhwyl4ti3awyamz226mjmed2jdk3zwppba3umanhoqacov3kjq,448347945,AWS Marketplace,Anniversary,8.29E+11,2020-04-01T00:00:00Z,4.93E+11,Usage,2020-04-17T00:00:00Z,2020-04-18T00:00:00Z,APS1-SoftwareUsage:c4.xlarge,Hourly,ap-southeast-1a,arn:aws:ec2:ap-southeast-1:492586220856:instance/i-0cc588532c8e67257,24,,,0.55,13.2,AWS Marketplace hourly software usage|ap-southeast-1|c4.xlarge,vSRX Next Generation Firewall
957813,yjpcxdsmvoj6uncrxg3ugf2gqh32eal6qt5fpg2w6iir6hwedvrq,448347945,AWS Marketplace,Anniversary,8.29E+11,2020-04-01T00:00:00Z,4.93E+11,Usage,2020-04-19T00:00:00Z,2020-04-20T00:00:00Z,APS1-SoftwareUsage:c4.xlarge,Hourly,ap-southeast-1b,arn:aws:ec2:ap-southeast-1:492586220856:instance/i-034dbb99bd90b212f,24,,,0.55,13.2,AWS Marketplace hourly software usage|ap-southeast-1|c4.xlarge,vSRX Next Generation Firewall
957814,yvdhwyl4ti3awyamz226mjmed2jdk3zwppba3umanhoqacov3kjq,448347945,AWS Marketplace,Anniversary,8.29E+11,2020-04-01T00:00:00Z,4.93E+11,Usage,2020-04-27T00:00:00Z,2020-04-28T00:00:00Z,APS1-SoftwareUsage:c4.xlarge,Hourly,ap-southeast-1a,arn:aws:ec2:ap-southeast-1:492586220856:instance/i-0cc588532c8e67257,24,,,0.55,13.2,AWS Marketplace hourly software usage|ap-southeast-1|c4.xlarge,vSRX Next Generation Firewall
957815,yvdhwyl4ti3awyamz226mjmed2jdk3zwppba3umanhoqacov3kjq,448347945,AWS Marketplace,Anniversary,8.29E+11,2020-04-01T00:00:00Z,4.93E+11,Usage,2020-04-02T00:00:00Z,2020-04-03T00:00:00Z,APS1-SoftwareUsage:c4.xlarge,Hourly,ap-southeast-1a,arn:aws:ec2:ap-southeast-1:492586220856:instance/i-0cc588532c8e67257,24,,,0.55,13.2,AWS Marketplace hourly software usage|ap-southeast-1|c4.xlarge,vSRX Next Generation Firewall
957816,yvdhwyl4ti3awyamz226mjmed2jdk3zwppba3umanhoqacov3kjq,448347945,AWS Marketplace,Anniversary,8.29E+11,2020-04-01T00:00:00Z,4.93E+11,Usage,2020-04-21T00:00:00Z,2020-04-22T00:00:00Z,APS1-SoftwareUsage:c4.xlarge,Hourly,ap-southeast-1a,arn:aws:ec2:ap-southeast-1:492586220856:instance/i-0cc588532c8e67257,24,,,0.55,13.2,AWS Marketplace hourly software usage|ap-southeast-1|c4.xlarge,vSRX Next Generation Firewall
957817,yvdhwyl4ti3awyamz226mjmed2jdk3zwppba3umanhoqacov3kjq,448347945,AWS Marketplace,Anniversary,8.29E+11,2020-04-01T00:00:00Z,4.93E+11,Usage,2020-04-22T00:00:00Z,2020-04-23T00:00:00Z,APS1-SoftwareUsage:c4.xlarge,Hourly,ap-southeast-1a,arn:aws:ec2:ap-southeast-1:492586220856:instance/i-0cc588532c8e67257,24,,,0.55,13.2,AWS Marketplace hourly software usage|ap-southeast-1|c4.xlarge,vSRX Next Generation Firewall
957818,yjpcxdsmvoj6uncrxg3ugf2gqh32eal6qt5fpg2w6iir6hwedvrq,448347945,AWS Marketplace,Anniversary,8.29E+11,2020-04-01T00:00:00Z,4.93E+11,Usage,2020-04-22T00:00:00Z,2020-04-23T00:00:00Z,APS1-SoftwareUsage:c4.xlarge,Hourly,ap-southeast-1b,arn:aws:ec2:ap-southeast-1:492586220856:instance/i-034dbb99bd90b212f,24,,,0.55,13.2,AWS Marketplace hourly software usage|ap-southeast-1|c4.xlarge,vSRX Next Generation Firewall
957819,yjpcxdsmvoj6uncrxg3ugf2gqh32eal6qt5fpg2w6iir6hwedvrq,448347945,AWS Marketplace,Anniversary,8.29E+11,2020-04-01T00:00:00Z,4.93E+11,Usage,2020-04-08T00:00:00Z,2020-04-09T00:00:00Z,APS1-SoftwareUsage:c4.xlarge,Hourly,ap-southeast-1b,arn:aws:ec2:ap-southeast-1:492586220856:instance/i-034dbb99bd90b212f,24,,,0.55,13.2,AWS Marketplace hourly software usage|ap-southeast-1|c4.xlarge,vSRX Next Generation Firewall
957820,yjpcxdsmvoj6uncrxg3ugf2gqh32eal6qt5fpg2w6iir6hwedvrq,448347945,AWS Marketplace,Anniversary,8.29E+11,2020-04-01T00:00:00Z,4.93E+11,Usage,2020-04-30T00:00:00Z,2020-05-01T00:00:00Z,APS1-SoftwareUsage:c4.xlarge,Hourly,ap-southeast-1b,arn:aws:ec2:ap-southeast-1:492586220856:instance/i-034dbb99bd90b212f,24,,,0.55,13.2,AWS Marketplace hourly software usage|ap-southeast-1|c4.xlarge,vSRX Next Generation Firewall
957821,yvdhwyl4ti3awyamz226mjmed2jdk3zwppba3umanhoqacov3kjq,448347945,AWS Marketplace,Anniversary,8.29E+11,2020-04-01T00:00:00Z,4.93E+11,Usage,2020-04-03T00:00:00Z,2020-04-04T00:00:00Z,APS1-SoftwareUsage:c4.xlarge,Hourly,ap-southeast-1a,arn:aws:ec2:ap-southeast-1:492586220856:instance/i-0cc588532c8e67257,24,,,0.55,13.2,AWS Marketplace hourly software usage|ap-southeast-1|c4.xlarge,vSRX Next Generation Firewall
957822,yvdhwyl4ti3awyamz226mjmed2jdk3zwppba3umanhoqacov3kjq,448347945,AWS Marketplace,Anniversary,8.29E+11,2020-04-01T00:00:00Z,4.93E+11,Usage,2020-04-18T00:00:00Z,2020-04-19T00:00:00Z,APS1-SoftwareUsage:c4.xlarge,Hourly,ap-southeast-1a,arn:aws:ec2:ap-southeast-1:492586220856:instance/i-0cc588532c8e67257,24,,,0.55,13.2,AWS Marketplace hourly software usage|ap-southeast-1|c4.xlarge,vSRX Next Generation Firewall
957823,yjpcxdsmvoj6uncrxg3ugf2gqh32eal6qt5fpg2w6iir6hwedvrq,448347945,AWS Marketplace,Anniversary,8.29E+11,2020-04-01T00:00:00Z,4.93E+11,Usage,2020-04-13T00:00:00Z,2020-04-14T00:00:00Z,APS1-SoftwareUsage:c4.xlarge,Hourly,ap-southeast-1b,arn:aws:ec2:ap-southeast-1:492586220856:instance/i-034dbb99bd90b212f,24,,,0.55,13.2,AWS Marketplace hourly software usage|ap-southeast-1|c4.xlarge,vSRX Next Generation Firewall
957824,yjpcxdsmvoj6uncrxg3ugf2gqh32eal6qt5fpg2w6iir6hwedvrq,448347945,AWS Marketplace,Anniversary,8.29E+11,2020-04-01T00:00:00Z,4.93E+11,Usage,2020-04-28T00:00:00Z,2020-04-29T00:00:00Z,APS1-SoftwareUsage:c4.xlarge,Hourly,ap-southeast-1b,arn:aws:ec2:ap-southeast-1:492586220856:instance/i-034dbb99bd90b212f,24,,,0.55,13.2,AWS Marketplace hourly software usage|ap-southeast-1|c4.xlarge,vSRX Next Generation Firewall
957825,yjpcxdsmvoj6uncrxg3ugf2gqh32eal6qt5fpg2w6iir6hwedvrq,448347945,AWS Marketplace,Anniversary,8.29E+11,2020-04-01T00:00:00Z,4.93E+11,Usage,2020-04-10T00:00:00Z,2020-04-11T00:00:00Z,APS1-SoftwareUsage:c4.xlarge,Hourly,ap-southeast-1b,arn:aws:ec2:ap-southeast-1:492586220856:instance/i-034dbb99bd90b212f,24,,,0.55,13.2,AWS Marketplace hourly software usage|ap-southeast-1|c4.xlarge,vSRX Next Generation Firewall
957826,yvdhwyl4ti3awyamz226mjmed2jdk3zwppba3umanhoqacov3kjq,448347945,AWS Marketplace,Anniversary,8.29E+11,2020-04-01T00:00:00Z,4.93E+11,Usage,2020-04-05T00:00:00Z,2020-04-06T00:00:00Z,APS1-SoftwareUsage:c4.xlarge,Hourly,ap-southeast-1a,arn:aws:ec2:ap-southeast-1:492586220856:instance/i-0cc588532c8e67257,24,,,0.55,13.2,AWS Marketplace hourly software usage|ap-southeast-1|c4.xlarge,vSRX Next Generation Firewall
957827,yjpcxdsmvoj6uncrxg3ugf2gqh32eal6qt5fpg2w6iir6hwedvrq,448347945,AWS Marketplace,Anniversary,8.29E+11,2020-04-01T00:00:00Z,4.93E+11,Usage,2020-04-23T00:00:00Z,2020-04-24T00:00:00Z,APS1-SoftwareUsage:c4.xlarge,Hourly,ap-southeast-1b,arn:aws:ec2:ap-southeast-1:492586220856:instance/i-034dbb99bd90b212f,24,,,0.55,13.2,AWS Marketplace hourly software usage|ap-southeast-1|c4.xlarge,vSRX Next Generation Firewall
957828,yvdhwyl4ti3awyamz226mjmed2jdk3zwppba3umanhoqacov3kjq,448347945,AWS Marketplace,Anniversary,8.29E+11,2020-04-01T00:00:00Z,4.93E+11,Usage,2020-04-11T00:00:00Z,2020-04-12T00:00:00Z,APS1-SoftwareUsage:c4.xlarge,Hourly,ap-southeast-1a,arn:aws:ec2:ap-southeast-1:492586220856:instance/i-0cc588532c8e67257,24,,,0.55,13.2,AWS Marketplace hourly software usage|ap-southeast-1|c4.xlarge,vSRX Next Generation Firewall
957829,yvdhwyl4ti3awyamz226mjmed2jdk3zwppba3umanhoqacov3kjq,448347945,AWS Marketplace,Anniversary,8.29E+11,2020-04-01T00:00:00Z,4.93E+11,Usage,2020-04-13T00:00:00Z,2020-04-14T00:00:00Z,APS1-SoftwareUsage:c4.xlarge,Hourly,ap-southeast-1a,arn:aws:ec2:ap-southeast-1:492586220856:instance/i-0cc588532c8e67257,24,,,0.55,13.2,AWS Marketplace hourly software usage|ap-southeast-1|c4.xlarge,vSRX Next Generation Firewall
957830,yvdhwyl4ti3awyamz226mjmed2jdk3zwppba3umanhoqacov3kjq,448347945,AWS Marketplace,Anniversary,8.29E+11,2020-04-01T00:00:00Z,4.93E+11,Usage,2020-04-07T00:00:00Z,2020-04-08T00:00:00Z,APS1-SoftwareUsage:c4.xlarge,Hourly,ap-southeast-1a,arn:aws:ec2:ap-southeast-1:492586220856:instance/i-0cc588532c8e67257,24,,,0.55,13.2,AWS Marketplace hourly software usage|ap-southeast-1|c4.xlarge,vSRX Next Generation Firewall
957831,yjpcxdsmvoj6uncrxg3ugf2gqh32eal6qt5fpg2w6iir6hwedvrq,448347945,AWS Marketplace,Anniversary,8.29E+11,2020-04-01T00:00:00Z,4.93E+11,Usage,2020-04-05T00:00:00Z,2020-04-06T00:00:00Z,APS1-SoftwareUsage:c4.xlarge,Hourly,ap-southeast-1b,arn:aws:ec2:ap-southeast-1:492586220856:instance/i-034dbb99bd90b212f,24,,,0.55,13.2,AWS Marketplace hourly software usage|ap-southeast-1|c4.xlarge,vSRX Next Generation Firewall
957832,yjpcxdsmvoj6uncrxg3ugf2gqh32eal6qt5fpg2w6iir6hwedvrq,448347945,AWS Marketplace,Anniversary,8.29E+11,2020-04-01T00:00:00Z,4.93E+11,Usage,2020-04-17T00:00:00Z,2020-04-18T00:00:00Z,APS1-SoftwareUsage:c4.xlarge,Hourly,ap-southeast-1b,arn:aws:ec2:ap-southeast-1:492586220856:instance/i-034dbb99bd90b212f,24,,,0.55,13.2,AWS Marketplace hourly software usage|ap-southeast-1|c4.xlarge,vSRX Next Generation Firewall
957833,yvdhwyl4ti3awyamz226mjmed2jdk3zwppba3umanhoqacov3kjq,448347945,AWS Marketplace,Anniversary,8.29E+11,2020-04-01T00:00:00Z,4.93E+11,Usage,2020-04-24T00:00:00Z,2020-04-25T00:00:00Z,APS1-SoftwareUsage:c4.xlarge,Hourly,ap-southeast-1a,arn:aws:ec2:ap-southeast-1:492586220856:instance/i-0cc588532c8e67257,24,,,0.55,13.2,AWS Marketplace hourly software usage|ap-southeast-1|c4.xlarge,vSRX Next Generation Firewall
957834,tc3juzymzsoiwx4levp4pcjyfbervn7k36l3dhe5vsjxr3fyyzaq,448347945,AWS Marketplace,Anniversary,8.29E+11,2020-04-01T00:00:00Z,2.67E+11,Usage,2020-04-20T00:00:00Z,2020-04-21T00:00:00Z,APS1-SoftwareUsage:m3.medium,Hourly,ap-southeast-1a,arn:aws:ec2:ap-southeast-1:266700573619:instance/i-05bb98fbc5d1899ae,24,,,0,0,AWS Marketplace annual software usage|ap-southeast-1|m3.medium,Fortinet FortiWeb Web Application Firewall WAF VM
957835,tc3juzymzsoiwx4levp4pcjyfbervn7k36l3dhe5vsjxr3fyyzaq,448347945,AWS Marketplace,Anniversary,8.29E+11,2020-04-01T00:00:00Z,2.67E+11,Usage,2020-04-17T00:00:00Z,2020-04-18T00:00:00Z,APS1-SoftwareUsage:m3.medium,Hourly,ap-southeast-1a,arn:aws:ec2:ap-southeast-1:266700573619:instance/i-05bb98fbc5d1899ae,24,,,0,0,AWS Marketplace annual software usage|ap-southeast-1|m3.medium,Fortinet FortiWeb Web Application Firewall WAF VM
957836,rk3j6naamccrrfwl35spqwm623xsfv7oiryjjdel5pnx6mgt2cdq,448347945,AWS Marketplace,Anniversary,8.29E+11,2020-04-01T00:00:00Z,2.67E+11,Usage,2020-04-18T00:00:00Z,2020-04-19T00:00:00Z,APS1-SoftwareUsage:m3.medium,Hourly,ap-southeast-1a,arn:aws:ec2:ap-southeast-1:266700573619:instance/i-077a9286377d25133,24,,,0,0,AWS Marketplace annual software usage|ap-southeast-1|m3.medium,Fortinet FortiWeb Web Application Firewall WAF VM
957837,rk3j6naamccrrfwl35spqwm623xsfv7oiryjjdel5pnx6mgt2cdq,448347945,AWS Marketplace,Anniversary,8.29E+11,2020-04-01T00:00:00Z,2.67E+11,Usage,2020-04-06T00:00:00Z,2020-04-07T00:00:00Z,APS1-SoftwareUsage:m3.medium,Hourly,ap-southeast-1a,arn:aws:ec2:ap-southeast-1:266700573619:instance/i-077a9286377d25133,24,,,0,0,AWS Marketplace annual software usage|ap-southeast-1|m3.medium,Fortinet FortiWeb Web Application Firewall WAF VM
957838,tc3juzymzsoiwx4levp4pcjyfbervn7k36l3dhe5vsjxr3fyyzaq,448347945,AWS Marketplace,Anniversary,8.29E+11,2020-04-01T00:00:00Z,2.67E+11,Usage,2020-04-13T00:00:00Z,2020-04-14T00:00:00Z,APS1-SoftwareUsage:m3.medium,Hourly,ap-southeast-1a,arn:aws:ec2:ap-southeast-1:266700573619:instance/i-05bb98fbc5d1899ae,24,,,0,0,AWS Marketplace annual software usage|ap-southeast-1|m3.medium,Fortinet FortiWeb Web Application Firewall WAF VM
957839,tc3juzymzsoiwx4levp4pcjyfbervn7k36l3dhe5vsjxr3fyyzaq,448347945,AWS Marketplace,Anniversary,8.29E+11,2020-04-01T00:00:00Z,2.67E+11,Usage,2020-04-26T00:00:00Z,2020-04-27T00:00:00Z,APS1-SoftwareUsage:m3.medium,Hourly,ap-southeast-1a,arn:aws:ec2:ap-southeast-1:266700573619:instance/i-05bb98fbc5d1899ae,24,,,0,0,AWS Marketplace annual software usage|ap-southeast-1|m3.medium,Fortinet FortiWeb Web Application Firewall WAF VM
957840,rk3j6naamccrrfwl35spqwm623xsfv7oiryjjdel5pnx6mgt2cdq,448347945,AWS Marketplace,Anniversary,8.29E+11,2020-04-01T00:00:00Z,2.67E+11,Usage,2020-04-26T00:00:00Z,2020-04-27T00:00:00Z,APS1-SoftwareUsage:m3.medium,Hourly,ap-southeast-1a,arn:aws:ec2:ap-southeast-1:266700573619:instance/i-077a9286377d25133,24,,,0,0,AWS Marketplace annual software usage|ap-southeast-1|m3.medium,Fortinet FortiWeb Web Application Firewall WAF VM
957841,rk3j6naamccrrfwl35spqwm623xsfv7oiryjjdel5pnx6mgt2cdq,448347945,AWS Marketplace,Anniversary,8.29E+11,2020-04-01T00:00:00Z,2.67E+11,Usage,2020-04-10T00:00:00Z,2020-04-11T00:00:00Z,APS1-SoftwareUsage:m3.medium,Hourly,ap-southeast-1a,arn:aws:ec2:ap-southeast-1:266700573619:instance/i-077a9286377d25133,24,,,0,0,AWS Marketplace annual software usage|ap-southeast-1|m3.medium,Fortinet FortiWeb Web Application Firewall WAF VM
957842,rk3j6naamccrrfwl35spqwm623xsfv7oiryjjdel5pnx6mgt2cdq,448347945,AWS Marketplace,Anniversary,8.29E+11,2020-04-01T00:00:00Z,2.67E+11,Usage,2020-04-19T00:00:00Z,2020-04-20T00:00:00Z,APS1-SoftwareUsage:m3.medium,Hourly,ap-southeast-1a,arn:aws:ec2:ap-southeast-1:266700573619:instance/i-077a9286377d25133,24,,,0,0,AWS Marketplace annual software usage|ap-southeast-1|m3.medium,Fortinet FortiWeb Web Application Firewall WAF VM
957843,rk3j6naamccrrfwl35spqwm623xsfv7oiryjjdel5pnx6mgt2cdq,448347945,AWS Marketplace,Anniversary,8.29E+11,2020-04-01T00:00:00Z,2.67E+11,Usage,2020-04-29T00:00:00Z,2020-04-30T00:00:00Z,APS1-SoftwareUsage:m3.medium,Hourly,ap-southeast-1a,arn:aws:ec2:ap-southeast-1:266700573619:instance/i-077a9286377d25133,24,,,0,0,AWS Marketplace annual software usage|ap-southeast-1|m3.medium,Fortinet FortiWeb Web Application Firewall WAF VM
957844,rk3j6naamccrrfwl35spqwm623xsfv7oiryjjdel5pnx6mgt2cdq,448347945,AWS Marketplace,Anniversary,8.29E+11,2020-04-01T00:00:00Z,2.67E+11,Usage,2020-04-15T00:00:00Z,2020-04-16T00:00:00Z,APS1-SoftwareUsage:m3.medium,Hourly,ap-southeast-1a,arn:aws:ec2:ap-southeast-1:266700573619:instance/i-077a9286377d25133,24,,,0,0,AWS Marketplace annual software usage|ap-southeast-1|m3.medium,Fortinet FortiWeb Web Application Firewall WAF VM
957845,rk3j6naamccrrfwl35spqwm623xsfv7oiryjjdel5pnx6mgt2cdq,448347945,AWS Marketplace,Anniversary,8.29E+11,2020-04-01T00:00:00Z,2.67E+11,Usage,2020-04-21T00:00:00Z,2020-04-22T00:00:00Z,APS1-SoftwareUsage:m3.medium,Hourly,ap-southeast-1a,arn:aws:ec2:ap-southeast-1:266700573619:instance/i-077a9286377d25133,24,,,0,0,AWS Marketplace annual software usage|ap-southeast-1|m3.medium,Fortinet FortiWeb Web Application Firewall WAF VM
957846,rk3j6naamccrrfwl35spqwm623xsfv7oiryjjdel5pnx6mgt2cdq,448347945,AWS Marketplace,Anniversary,8.29E+11,2020-04-01T00:00:00Z,2.67E+11,Usage,2020-04-12T00:00:00Z,2020-04-13T00:00:00Z,APS1-SoftwareUsage:m3.medium,Hourly,ap-southeast-1a,arn:aws:ec2:ap-southeast-1:266700573619:instance/i-077a9286377d25133,24,,,0,0,AWS Marketplace annual software usage|ap-southeast-1|m3.medium,Fortinet FortiWeb Web Application Firewall WAF VM
957847,tc3juzymzsoiwx4levp4pcjyfbervn7k36l3dhe5vsjxr3fyyzaq,448347945,AWS Marketplace,Anniversary,8.29E+11,2020-04-01T00:00:00Z,2.67E+11,Usage,2020-04-28T00:00:00Z,2020-04-29T00:00:00Z,APS1-SoftwareUsage:m3.medium,Hourly,ap-southeast-1a,arn:aws:ec2:ap-southeast-1:266700573619:instance/i-05bb98fbc5d1899ae,24,,,0,0,AWS Marketplace annual software usage|ap-southeast-1|m3.medium,Fortinet FortiWeb Web Application Firewall WAF VM
957848,tc3juzymzsoiwx4levp4pcjyfbervn7k36l3dhe5vsjxr3fyyzaq,448347945,AWS Marketplace,Anniversary,8.29E+11,2020-04-01T00:00:00Z,2.67E+11,Usage,2020-04-15T00:00:00Z,2020-04-16T00:00:00Z,APS1-SoftwareUsage:m3.medium,Hourly,ap-southeast-1a,arn:aws:ec2:ap-southeast-1:266700573619:instance/i-05bb98fbc5d1899ae,24,,,0,0,AWS Marketplace annual software usage|ap-southeast-1|m3.medium,Fortinet FortiWeb Web Application Firewall WAF VM
957849,tc3juzymzsoiwx4levp4pcjyfbervn7k36l3dhe5vsjxr3fyyzaq,448347945,AWS Marketplace,Anniversary,8.29E+11,2020-04-01T00:00:00Z,2.67E+11,Usage,2020-04-12T00:00:00Z,2020-04-13T00:00:00Z,APS1-SoftwareUsage:m3.medium,Hourly,ap-southeast-1a,arn:aws:ec2:ap-southeast-1:266700573619:instance/i-05bb98fbc5d1899ae,24,,,0,0,AWS Marketplace annual software usage|ap-southeast-1|m3.medium,Fortinet FortiWeb Web Application Firewall WAF VM
957850,tc3juzymzsoiwx4levp4pcjyfbervn7k36l3dhe5vsjxr3fyyzaq,448347945,AWS Marketplace,Anniversary,8.29E+11,2020-04-01T00:00:00Z,2.67E+11,Usage,2020-04-08T00:00:00Z,2020-04-09T00:00:00Z,APS1-SoftwareUsage:m3.medium,Hourly,ap-southeast-1a,arn:aws:ec2:ap-southeast-1:266700573619:instance/i-05bb98fbc5d1899ae,24,,,0,0,AWS Marketplace annual software usage|ap-southeast-1|m3.medium,Fortinet FortiWeb Web Application Firewall WAF VM
957851,rk3j6naamccrrfwl35spqwm623xsfv7oiryjjdel5pnx6mgt2cdq,448347945,AWS Marketplace,Anniversary,8.29E+11,2020-04-01T00:00:00Z,2.67E+11,Usage,2020-04-13T00:00:00Z,2020-04-14T00:00:00Z,APS1-SoftwareUsage:m3.medium,Hourly,ap-southeast-1a,arn:aws:ec2:ap-southeast-1:266700573619:instance/i-077a9286377d25133,24,,,0,0,AWS Marketplace annual software usage|ap-southeast-1|m3.medium,Fortinet FortiWeb Web Application Firewall WAF VM
957852,tc3juzymzsoiwx4levp4pcjyfbervn7k36l3dhe5vsjxr3fyyzaq,448347945,AWS Marketplace,Anniversary,8.29E+11,2020-04-01T00:00:00Z,2.67E+11,Usage,2020-04-18T00:00:00Z,2020-04-19T00:00:00Z,APS1-SoftwareUsage:m3.medium,Hourly,ap-southeast-1a,arn:aws:ec2:ap-southeast-1:266700573619:instance/i-05bb98fbc5d1899ae,24,,,0,0,AWS Marketplace annual software usage|ap-southeast-1|m3.medium,Fortinet FortiWeb Web Application Firewall WAF VM
957853,rk3j6naamccrrfwl35spqwm623xsfv7oiryjjdel5pnx6mgt2cdq,448347945,AWS Marketplace,Anniversary,8.29E+11,2020-04-01T00:00:00Z,2.67E+11,Usage,2020-04-14T00:00:00Z,2020-04-15T00:00:00Z,APS1-SoftwareUsage:m3.medium,Hourly,ap-southeast-1a,arn:aws:ec2:ap-southeast-1:266700573619:instance/i-077a9286377d25133,24,,,0,0,AWS Marketplace annual software usage|ap-southeast-1|m3.medium,Fortinet FortiWeb Web Application Firewall WAF VM
957854,rk3j6naamccrrfwl35spqwm623xsfv7oiryjjdel5pnx6mgt2cdq,448347945,AWS Marketplace,Anniversary,8.29E+11,2020-04-01T00:00:00Z,2.67E+11,Usage,2020-04-17T00:00:00Z,2020-04-18T00:00:00Z,APS1-SoftwareUsage:m3.medium,Hourly,ap-southeast-1a,arn:aws:ec2:ap-southeast-1:266700573619:instance/i-077a9286377d25133,24,,,0,0,AWS Marketplace annual software usage|ap-southeast-1|m3.medium,Fortinet FortiWeb Web Application Firewall WAF VM
957855,tc3juzymzsoiwx4levp4pcjyfbervn7k36l3dhe5vsjxr3fyyzaq,448347945,AWS Marketplace,Anniversary,8.29E+11,2020-04-01T00:00:00Z,2.67E+11,Usage,2020-04-07T00:00:00Z,2020-04-08T00:00:00Z,APS1-SoftwareUsage:m3.medium,Hourly,ap-southeast-1a,arn:aws:ec2:ap-southeast-1:266700573619:instance/i-05bb98fbc5d1899ae,24,,,0,0,AWS Marketplace annual software usage|ap-southeast-1|m3.medium,Fortinet FortiWeb Web Application Firewall WAF VM
957856,tc3juzymzsoiwx4levp4pcjyfbervn7k36l3dhe5vsjxr3fyyzaq,448347945,AWS Marketplace,Anniversary,8.29E+11,2020-04-01T00:00:00Z,2.67E+11,Usage,2020-04-05T00:00:00Z,2020-04-06T00:00:00Z,APS1-SoftwareUsage:m3.medium,Hourly,ap-southeast-1a,arn:aws:ec2:ap-southeast-1:266700573619:instance/i-05bb98fbc5d1899ae,24,,,0,0,AWS Marketplace annual software usage|ap-southeast-1|m3.medium,Fortinet FortiWeb Web Application Firewall WAF VM
957857,tc3juzymzsoiwx4levp4pcjyfbervn7k36l3dhe5vsjxr3fyyzaq,448347945,AWS Marketplace,Anniversary,8.29E+11,2020-04-01T00:00:00Z,2.67E+11,Usage,2020-04-16T00:00:00Z,2020-04-17T00:00:00Z,APS1-SoftwareUsage:m3.medium,Hourly,ap-southeast-1a,arn:aws:ec2:ap-southeast-1:266700573619:instance/i-05bb98fbc5d1899ae,24,,,0,0,AWS Marketplace annual software usage|ap-southeast-1|m3.medium,Fortinet FortiWeb Web Application Firewall WAF VM
957858,rk3j6naamccrrfwl35spqwm623xsfv7oiryjjdel5pnx6mgt2cdq,448347945,AWS Marketplace,Anniversary,8.29E+11,2020-04-01T00:00:00Z,2.67E+11,Usage,2020-04-25T00:00:00Z,2020-04-26T00:00:00Z,APS1-SoftwareUsage:m3.medium,Hourly,ap-southeast-1a,arn:aws:ec2:ap-southeast-1:266700573619:instance/i-077a9286377d25133,24,,,0,0,AWS Marketplace annual software usage|ap-southeast-1|m3.medium,Fortinet FortiWeb Web Application Firewall WAF VM
957859,rk3j6naamccrrfwl35spqwm623xsfv7oiryjjdel5pnx6mgt2cdq,448347945,AWS Marketplace,Anniversary,8.29E+11,2020-04-01T00:00:00Z,2.67E+11,Usage,2020-04-09T00:00:00Z,2020-04-10T00:00:00Z,APS1-SoftwareUsage:m3.medium,Hourly,ap-southeast-1a,arn:aws:ec2:ap-southeast-1:266700573619:instance/i-077a9286377d25133,24,,,0,0,AWS Marketplace annual software usage|ap-southeast-1|m3.medium,Fortinet FortiWeb Web Application Firewall WAF VM
957860,tc3juzymzsoiwx4levp4pcjyfbervn7k36l3dhe5vsjxr3fyyzaq,448347945,AWS Marketplace,Anniversary,8.29E+11,2020-04-01T00:00:00Z,2.67E+11,Usage,2020-04-19T00:00:00Z,2020-04-20T00:00:00Z,APS1-SoftwareUsage:m3.medium,Hourly,ap-southeast-1a,arn:aws:ec2:ap-southeast-1:266700573619:instance/i-05bb98fbc5d1899ae,24,,,0,0,AWS Marketplace annual software usage|ap-southeast-1|m3.medium,Fortinet FortiWeb Web Application Firewall WAF VM
957861,tc3juzymzsoiwx4levp4pcjyfbervn7k36l3dhe5vsjxr3fyyzaq,448347945,AWS Marketplace,Anniversary,8.29E+11,2020-04-01T00:00:00Z,2.67E+11,Usage,2020-04-01T00:00:00Z,2020-04-02T00:00:00Z,APS1-SoftwareUsage:m3.medium,Hourly,ap-southeast-1a,arn:aws:ec2:ap-southeast-1:266700573619:instance/i-05bb98fbc5d1899ae,24,,,0,0,AWS Marketplace annual software usage|ap-southeast-1|m3.medium,Fortinet FortiWeb Web Application Firewall WAF VM
957862,tc3juzymzsoiwx4levp4pcjyfbervn7k36l3dhe5vsjxr3fyyzaq,448347945,AWS Marketplace,Anniversary,8.29E+11,2020-04-01T00:00:00Z,2.67E+11,Usage,2020-04-21T00:00:00Z,2020-04-22T00:00:00Z,APS1-SoftwareUsage:m3.medium,Hourly,ap-southeast-1a,arn:aws:ec2:ap-southeast-1:266700573619:instance/i-05bb98fbc5d1899ae,24,,,0,0,AWS Marketplace annual software usage|ap-southeast-1|m3.medium,Fortinet FortiWeb Web Application Firewall WAF VM
957863,rk3j6naamccrrfwl35spqwm623xsfv7oiryjjdel5pnx6mgt2cdq,448347945,AWS Marketplace,Anniversary,8.29E+11,2020-04-01T00:00:00Z,2.67E+11,Usage,2020-04-01T00:00:00Z,2020-04-02T00:00:00Z,APS1-SoftwareUsage:m3.medium,Hourly,ap-southeast-1a,arn:aws:ec2:ap-southeast-1:266700573619:instance/i-077a9286377d25133,24,,,0,0,AWS Marketplace annual software usage|ap-southeast-1|m3.medium,Fortinet FortiWeb Web Application Firewall WAF VM
957864,tc3juzymzsoiwx4levp4pcjyfbervn7k36l3dhe5vsjxr3fyyzaq,448347945,AWS Marketplace,Anniversary,8.29E+11,2020-04-01T00:00:00Z,2.67E+11,Usage,2020-04-06T00:00:00Z,2020-04-07T00:00:00Z,APS1-SoftwareUsage:m3.medium,Hourly,ap-southeast-1a,arn:aws:ec2:ap-southeast-1:266700573619:instance/i-05bb98fbc5d1899ae,24,,,0,0,AWS Marketplace annual software usage|ap-southeast-1|m3.medium,Fortinet FortiWeb Web Application Firewall WAF VM
957865,rk3j6naamccrrfwl35spqwm623xsfv7oiryjjdel5pnx6mgt2cdq,448347945,AWS Marketplace,Anniversary,8.29E+11,2020-04-01T00:00:00Z,2.67E+11,Usage,2020-04-16T00:00:00Z,2020-04-17T00:00:00Z,APS1-SoftwareUsage:m3.medium,Hourly,ap-southeast-1a,arn:aws:ec2:ap-southeast-1:266700573619:instance/i-077a9286377d25133,24,,,0,0,AWS Marketplace annual software usage|ap-southeast-1|m3.medium,Fortinet FortiWeb Web Application Firewall WAF VM
957866,tc3juzymzsoiwx4levp4pcjyfbervn7k36l3dhe5vsjxr3fyyzaq,448347945,AWS Marketplace,Anniversary,8.29E+11,2020-04-01T00:00:00Z,2.67E+11,Usage,2020-04-27T00:00:00Z,2020-04-28T00:00:00Z,APS1-SoftwareUsage:m3.medium,Hourly,ap-southeast-1a,arn:aws:ec2:ap-southeast-1:266700573619:instance/i-05bb98fbc5d1899ae,24,,,0,0,AWS Marketplace annual software usage|ap-southeast-1|m3.medium,Fortinet FortiWeb Web Application Firewall WAF VM
957867,tc3juzymzsoiwx4levp4pcjyfbervn7k36l3dhe5vsjxr3fyyzaq,448347945,AWS Marketplace,Anniversary,8.29E+11,2020-04-01T00:00:00Z,2.67E+11,Usage,2020-04-30T00:00:00Z,2020-05-01T00:00:00Z,APS1-SoftwareUsage:m3.medium,Hourly,ap-southeast-1a,arn:aws:ec2:ap-southeast-1:266700573619:instance/i-05bb98fbc5d1899ae,24,,,0,0,AWS Marketplace annual software usage|ap-southeast-1|m3.medium,Fortinet FortiWeb Web Application Firewall WAF VM
957868,tc3juzymzsoiwx4levp4pcjyfbervn7k36l3dhe5vsjxr3fyyzaq,448347945,AWS Marketplace,Anniversary,8.29E+11,2020-04-01T00:00:00Z,2.67E+11,Usage,2020-04-03T00:00:00Z,2020-04-04T00:00:00Z,APS1-SoftwareUsage:m3.medium,Hourly,ap-southeast-1a,arn:aws:ec2:ap-southeast-1:266700573619:instance/i-05bb98fbc5d1899ae,24,,,0,0,AWS Marketplace annual software usage|ap-southeast-1|m3.medium,Fortinet FortiWeb Web Application Firewall WAF VM
957869,tc3juzymzsoiwx4levp4pcjyfbervn7k36l3dhe5vsjxr3fyyzaq,448347945,AWS Marketplace,Anniversary,8.29E+11,2020-04-01T00:00:00Z,2.67E+11,Usage,2020-04-11T00:00:00Z,2020-04-12T00:00:00Z,APS1-SoftwareUsage:m3.medium,Hourly,ap-southeast-1a,arn:aws:ec2:ap-southeast-1:266700573619:instance/i-05bb98fbc5d1899ae,24,,,0,0,AWS Marketplace annual software usage|ap-southeast-1|m3.medium,Fortinet FortiWeb Web Application Firewall WAF VM
957870,rk3j6naamccrrfwl35spqwm623xsfv7oiryjjdel5pnx6mgt2cdq,448347945,AWS Marketplace,Anniversary,8.29E+11,2020-04-01T00:00:00Z,2.67E+11,Usage,2020-04-02T00:00:00Z,2020-04-03T00:00:00Z,APS1-SoftwareUsage:m3.medium,Hourly,ap-southeast-1a,arn:aws:ec2:ap-southeast-1:266700573619:instance/i-077a9286377d25133,24,,,0,0,AWS Marketplace annual software usage|ap-southeast-1|m3.medium,Fortinet FortiWeb Web Application Firewall WAF VM
957871,rk3j6naamccrrfwl35spqwm623xsfv7oiryjjdel5pnx6mgt2cdq,448347945,AWS Marketplace,Anniversary,8.29E+11,2020-04-01T00:00:00Z,2.67E+11,Usage,2020-04-11T00:00:00Z,2020-04-12T00:00:00Z,APS1-SoftwareUsage:m3.medium,Hourly,ap-southeast-1a,arn:aws:ec2:ap-southeast-1:266700573619:instance/i-077a9286377d25133,24,,,0,0,AWS Marketplace annual software usage|ap-southeast-1|m3.medium,Fortinet FortiWeb Web Application Firewall WAF VM
957872,rk3j6naamccrrfwl35spqwm623xsfv7oiryjjdel5pnx6mgt2cdq,448347945,AWS Marketplace,Anniversary,8.29E+11,2020-04-01T00:00:00Z,2.67E+11,Usage,2020-04-07T00:00:00Z,2020-04-08T00:00:00Z,APS1-SoftwareUsage:m3.medium,Hourly,ap-southeast-1a,arn:aws:ec2:ap-southeast-1:266700573619:instance/i-077a9286377d25133,24,,,0,0,AWS Marketplace annual software usage|ap-southeast-1|m3.medium,Fortinet FortiWeb Web Application Firewall WAF VM
957873,rk3j6naamccrrfwl35spqwm623xsfv7oiryjjdel5pnx6mgt2cdq,448347945,AWS Marketplace,Anniversary,8.29E+11,2020-04-01T00:00:00Z,2.67E+11,Usage,2020-04-27T00:00:00Z,2020-04-28T00:00:00Z,APS1-SoftwareUsage:m3.medium,Hourly,ap-southeast-1a,arn:aws:ec2:ap-southeast-1:266700573619:instance/i-077a9286377d25133,24,,,0,0,AWS Marketplace annual software usage|ap-southeast-1|m3.medium,Fortinet FortiWeb Web Application Firewall WAF VM
957874,tc3juzymzsoiwx4levp4pcjyfbervn7k36l3dhe5vsjxr3fyyzaq,448347945,AWS Marketplace,Anniversary,8.29E+11,2020-04-01T00:00:00Z,2.67E+11,Usage,2020-04-23T00:00:00Z,2020-04-24T00:00:00Z,APS1-SoftwareUsage:m3.medium,Hourly,ap-southeast-1a,arn:aws:ec2:ap-southeast-1:266700573619:instance/i-05bb98fbc5d1899ae,24,,,0,0,AWS Marketplace annual software usage|ap-southeast-1|m3.medium,Fortinet FortiWeb Web Application Firewall WAF VM
957875,tc3juzymzsoiwx4levp4pcjyfbervn7k36l3dhe5vsjxr3fyyzaq,448347945,AWS Marketplace,Anniversary,8.29E+11,2020-04-01T00:00:00Z,2.67E+11,Usage,2020-04-09T00:00:00Z,2020-04-10T00:00:00Z,APS1-SoftwareUsage:m3.medium,Hourly,ap-southeast-1a,arn:aws:ec2:ap-southeast-1:266700573619:instance/i-05bb98fbc5d1899ae,24,,,0,0,AWS Marketplace annual software usage|ap-southeast-1|m3.medium,Fortinet FortiWeb Web Application Firewall WAF VM
957876,rk3j6naamccrrfwl35spqwm623xsfv7oiryjjdel5pnx6mgt2cdq,448347945,AWS Marketplace,Anniversary,8.29E+11,2020-04-01T00:00:00Z,2.67E+11,Usage,2020-04-05T00:00:00Z,2020-04-06T00:00:00Z,APS1-SoftwareUsage:m3.medium,Hourly,ap-southeast-1a,arn:aws:ec2:ap-southeast-1:266700573619:instance/i-077a9286377d25133,24,,,0,0,AWS Marketplace annual software usage|ap-southeast-1|m3.medium,Fortinet FortiWeb Web Application Firewall WAF VM
957877,tc3juzymzsoiwx4levp4pcjyfbervn7k36l3dhe5vsjxr3fyyzaq,448347945,AWS Marketplace,Anniversary,8.29E+11,2020-04-01T00:00:00Z,2.67E+11,Usage,2020-04-22T00:00:00Z,2020-04-23T00:00:00Z,APS1-SoftwareUsage:m3.medium,Hourly,ap-southeast-1a,arn:aws:ec2:ap-southeast-1:266700573619:instance/i-05bb98fbc5d1899ae,24,,,0,0,AWS Marketplace annual software usage|ap-southeast-1|m3.medium,Fortinet FortiWeb Web Application Firewall WAF VM
957878,tc3juzymzsoiwx4levp4pcjyfbervn7k36l3dhe5vsjxr3fyyzaq,448347945,AWS Marketplace,Anniversary,8.29E+11,2020-04-01T00:00:00Z,2.67E+11,Usage,2020-04-25T00:00:00Z,2020-04-26T00:00:00Z,APS1-SoftwareUsage:m3.medium,Hourly,ap-southeast-1a,arn:aws:ec2:ap-southeast-1:266700573619:instance/i-05bb98fbc5d1899ae,24,,,0,0,AWS Marketplace annual software usage|ap-southeast-1|m3.medium,Fortinet FortiWeb Web Application Firewall WAF VM
957879,tc3juzymzsoiwx4levp4pcjyfbervn7k36l3dhe5vsjxr3fyyzaq,448347945,AWS Marketplace,Anniversary,8.29E+11,2020-04-01T00:00:00Z,2.67E+11,Usage,2020-04-10T00:00:00Z,2020-04-11T00:00:00Z,APS1-SoftwareUsage:m3.medium,Hourly,ap-southeast-1a,arn:aws:ec2:ap-southeast-1:266700573619:instance/i-05bb98fbc5d1899ae,24,,,0,0,AWS Marketplace annual software usage|ap-southeast-1|m3.medium,Fortinet FortiWeb Web Application Firewall WAF VM
957880,tc3juzymzsoiwx4levp4pcjyfbervn7k36l3dhe5vsjxr3fyyzaq,448347945,AWS Marketplace,Anniversary,8.29E+11,2020-04-01T00:00:00Z,2.67E+11,Usage,2020-04-14T00:00:00Z,2020-04-15T00:00:00Z,APS1-SoftwareUsage:m3.medium,Hourly,ap-southeast-1a,arn:aws:ec2:ap-southeast-1:266700573619:instance/i-05bb98fbc5d1899ae,24,,,0,0,AWS Marketplace annual software usage|ap-southeast-1|m3.medium,Fortinet FortiWeb Web Application Firewall WAF VM
957881,tc3juzymzsoiwx4levp4pcjyfbervn7k36l3dhe5vsjxr3fyyzaq,448347945,AWS Marketplace,Anniversary,8.29E+11,2020-04-01T00:00:00Z,2.67E+11,Usage,2020-04-04T00:00:00Z,2020-04-05T00:00:00Z,APS1-SoftwareUsage:m3.medium,Hourly,ap-southeast-1a,arn:aws:ec2:ap-southeast-1:266700573619:instance/i-05bb98fbc5d1899ae,24,,,0,0,AWS Marketplace annual software usage|ap-southeast-1|m3.medium,Fortinet FortiWeb Web Application Firewall WAF VM
957882,rk3j6naamccrrfwl35spqwm623xsfv7oiryjjdel5pnx6mgt2cdq,448347945,AWS Marketplace,Anniversary,8.29E+11,2020-04-01T00:00:00Z,2.67E+11,Usage,2020-04-23T00:00:00Z,2020-04-24T00:00:00Z,APS1-SoftwareUsage:m3.medium,Hourly,ap-southeast-1a,arn:aws:ec2:ap-southeast-1:266700573619:instance/i-077a9286377d25133,24,,,0,0,AWS Marketplace annual software usage|ap-southeast-1|m3.medium,Fortinet FortiWeb Web Application Firewall WAF VM
957883,rk3j6naamccrrfwl35spqwm623xsfv7oiryjjdel5pnx6mgt2cdq,448347945,AWS Marketplace,Anniversary,8.29E+11,2020-04-01T00:00:00Z,2.67E+11,Usage,2020-04-20T00:00:00Z,2020-04-21T00:00:00Z,APS1-SoftwareUsage:m3.medium,Hourly,ap-southeast-1a,arn:aws:ec2:ap-southeast-1:266700573619:instance/i-077a9286377d25133,24,,,0,0,AWS Marketplace annual software usage|ap-southeast-1|m3.medium,Fortinet FortiWeb Web Application Firewall WAF VM
